Workbook

Sheet curry
A1: Player | B1: Rk | C1: Gcar | D1: Gtm | E1: Date | F1: Team | H1: Opp | I1: Result | J1: GS | K1: MP | L1: FG | M1: FGA | N1: FG% | O1: 3P | P1: 3PA | Q1: 3P% | R1: 2P | S1: 2PA | T1: 2P% | U1: eFG% | V1: FT | W1: FTA | X1: FT% | Y1: ORB | Z1: DRB | AA1: TRB | AB1: AST | AC1: STL | AD1: BLK | AE1: TOV | AF1: PF | AG1: PTS | AH1: GmSc | AI1: +/-
A2: Steph Curry | B2: 1 | C2: 113 | D2: 1 | E2: 44667 | F2: GSW | H2: DEN | I2: W, 123-107 | K2: 0.90347222 | L2: 5 | M2: 13 | N2: 0.385 | O2: 3 | P2: 6 | Q2: 0.5 | R2: 2 | S2: 7 | T2: 0.286 | U2: 0.5 | V2: 3 | W2: 3 | X2: 1 | Y2: 2 | Z2: 1 | AA2: 3 | AB2: 4 | AC2: 1 | AD2: 0 | AE2: 1 | AF2: 1 | AG2: 16 | AH2: 13 | AI2: 17
A3: Steph Curry | B3: 2 | C3: 114 | D3: 2 | E3: 44669 | F3: GSW | H3: DEN | I3: W, 126-106 | K3: 0.95625 | L3: 12 | M3: 17 | N3: 0.706 | O3: 5 | P3: 10 | Q3: 0.5 | R3: 7 | S3: 7 | T3: 1 | U3: 0.853 | V3: 5 | W3: 7 | X3: 0.714 | Y3: 0 | Z3: 3 | AA3: 3 | AB3: 4 | AC3: 1 | AD3: 1 | AE3: 2 | AF3: 3 | AG3: 34 | AH3: 28.3 | AI3: 32
A4: Steph Curry | B4: 3 | C4: 115 | D4: 3 | E4: 44672 | F4: GSW | G4: @ | H4: DEN | I4: W, 118-113 | K4: 1.28125 | L4: 9 | M4: 17 | N4: 0.529 | O4: 3 | P4: 9 | Q4: 0.333 | R4: 6 | S4: 8 | T4: 0.75 | U4: 0.618 | V4: 6 | W4: 8 | X4: 0.75 | Y4: 0 | Z4: 3 | AA4: 3 | AB4: 6 | AC4: 0 | AD4: 0 | AE4: 4 | AF4: 3 | AG4: 27 | AH4: 17.8 | AI4: 3
A5: Steph Curry | B5: 4 | C5: 116 | D5: 4 | E5: 44675 | F5: GSW | G5: @ | H5: DEN | I5: L, 121-126 | K5: 1.5347222 | L5: 10 | M5: 23 | N5: 0.435 | O5: 3 | P5: 11 | Q5: 0.273 | R5: 7 | S5: 12 | T5: 0.583 | U5: 0.5 | V5: 10 | W5: 14 | X5: 0.714 | Y5: 0 | Z5: 3 | AA5: 3 | AB5: 8 | AC5: 4 | AD5: 1 | AE5: 2 | AF5: 1 | AG5: 33 | AH5: 28.1 | AI5: -4
A6: Steph Curry | B6: 5 | C6: 117 | D6: 5 | E6: 44678 | F6: GSW | H6: DEN | I6: W, 102-98 | J6: * | K6: 1.5770833 | L6: 10 | M6: 22 | N6: 0.455 | O6: 5 | P6: 11 | Q6: 0.455 | R6: 5 | S6: 11 | T6: 0.455 | U6: 0.568 | V6: 5 | W6: 7 | X6: 0.714 | Y6: 1 | Z6: 4 | AA6: 5 | AB6: 5 | AC6: 2 | AD6: 0 | AE6: 5 | AF6: 2 | AG6: 30 | AH6: 19.4 | AI6: 7
A7: Steph Curry | B7: 6 | C7: 118 | D7: 6 | E7: 44682 | F7: GSW | G7: @ | H7: MEM | I7: W, 117-116 | J7: * | K7: 1.5458333 | L7: 8 | M7: 20 | N7: 0.4 | O7: 5 | P7: 12 | Q7: 0.417 | R7: 3 | S7: 8 | T7: 0.375 | U7: 0.525 | V7: 3 | W7: 4 | X7: 0.75 | Y7: 0 | Z7: 3 | AA7: 3 | AB7: 4 | AC7: 0 | AD7: 1 | AE7: 1 | AF7: 5 | AG7: 24 | AH7: 14.2 | AI7: -9
A8: Steph Curry | B8: 7 | C8: 119 | D8: 7 | E8: 44684 | F8: GSW | G8: @ | H8: MEM | I8: L, 101-106 | J8: * | K8: 1.64375 | L8: 11 | M8: 25 | N8: 0.44 | O8: 3 | P8: 11 | Q8: 0.273 | R8: 8 | S8: 14 | T8: 0.571 | U8: 0.5 | V8: 2 | W8: 2 | X8: 1 | Y8: 3 | Z8: 6 | AA8: 9 | AB8: 8 | AC8: 1 | AD8: 0 | AE8: 5 | AF8: 1 | AG8: 27 | AH8: 19 | AI8: -11
A9: Steph Curry | B9: 8 | C9: 120 | D9: 8 | E9: 44688 | F9: GSW | H9: MEM | I9: W, 142-112 | J9: * | K9: 1.4458333 | L9: 7 | M9: 14 | N9: 0.5 | O9: 2 | P9: 8 | Q9: 0.25 | R9: 5 | S9: 6 | T9: 0.833 | U9: 0.571 | V9: 14 | W9: 14 | X9: 1 | Y9: 0 | Z9: 2 | AA9: 2 | AB9: 6 | AC9: 1 | AD9: 0 | AE9: 1 | AF9: 2 | AG9: 30 | AH9: 27 | AI9: 21
A10: Steph Curry | B10: 9 | C10: 121 | D10: 9 | E10: 44690 | F10: GSW | H10: MEM | I10: W, 101-98 | J10: * | K10: 1.5708333 | L10: 10 | M10: 25 | N10: 0.4 | O10: 4 | P10: 14 | Q10: 0.286 | R10: 6 | S10: 11 | T10: 0.545 | U10: 0.48 | V10: 8 | W10: 9 | X10: 0.889 | Y10: 0 | Z10: 5 | AA10: 5 | AB10: 8 | AC10: 1 | AD10: 0 | AE10: 3 | AF10: 3 | AG10: 32 | AH10: 22 | AI10: 6
A11: Steph Curry | B11: 10 | C11: 122 | D11: 10 | E11: 44692 | F11: GSW | G11: @ | H11: MEM | I11: L, 95-134 | J11: * | K11: 1.0416667 | L11: 4 | M11: 10 | N11: 0.4 | O11: 3 | P11: 8 | Q11: 0.375 | R11: 1 | S11: 2 | T11: 0.5 | U11: 0.55 | V11: 3 | W11: 4 | X11: 0.75 | Y11: 0 | Z11: 3 | AA11: 3 | AB11: 4 | AC11: 0 | AD11: 0 | AE11: 2 | AF11: 1 | AG11: 14 | AH11: 9.5 | AI11: -37
A12: Steph Curry | B12: 11 | C12: 123 | D12: 11 | E12: 44694 | F12: GSW | H12: MEM | I12: W, 110-96 | J12: * | K12: 1.675 | L12: 10 | M12: 27 | N12: 0.37 | O12: 6 | P12: 17 | Q12: 0.353 | R12: 4 | S12: 10 | T12: 0.4 | U12: 0.481 | V12: 3 | W12: 4 | X12: 0.75 | Y12: 0 | Z12: 7 | AA12: 7 | AB12: 5 | AC12: 1 | AD12: 2 | AE12: 3 | AF12: 3 | AG12: 29 | AH12: 17.5 | AI12: 16
A13: Steph Curry | B13: 12 | C13: 124 | D13: 12 | E13: 44699 | F13: GSW | H13: DAL | I13: W, 112-87 | J13: * | K13: 1.2805556 | L13: 7 | M13: 16 | N13: 0.438 | O13: 3 | P13: 9 | Q13: 0.333 | R13: 4 | S13: 7 | T13: 0.571 | U13: 0.531 | V13: 4 | W13: 7 | X13: 0.571 | Y13: 2 | Z13: 10 | AA13: 12 | AB13: 4 | AC13: 1 | AD13: 1 | AE13: 3 | AF13: 3 | AG13: 21 | AH13: 16.1 | AI13: 23
A14: Steph Curry | B14: 13 | C14: 125 | D14: 13 | E14: 44701 | F14: GSW | H14: DAL | I14: W, 126-117 | J14: * | K14: 1.5423611 | L14: 11 | M14: 21 | N14: 0.524 | O14: 6 | P14: 10 | Q14: 0.6 | R14: 5 | S14: 11 | T14: 0.455 | U14: 0.667 | V14: 4 | W14: 4 | X14: 1 | Y14: 0 | Z14: 8 | AA14: 8 | AB14: 5 | AC14: 0 | AD14: 0 | AE14: 3 | AF14: 4 | AG14: 32 | AH14: 23 | AI14: 15
A15: Steph Curry | B15: 14 | C15: 126 | D15: 14 | E15: 44703 | F15: GSW | G15: @ | H15: DAL | I15: W, 109-100 | J15: * | K15: 1.6256944 | L15: 10 | M15: 20 | N15: 0.5 | O15: 5 | P15: 10 | Q15: 0.5 | R15: 5 | S15: 10 | T15: 0.5 | U15: 0.625 | V15: 6 | W15: 6 | X15: 1 | Y15: 1 | Z15: 4 | AA15: 5 | AB15: 11 | AC15: 0 | AD15: 0 | AE15: 3 | AF15: 5 | AG15: 31 | AH15: 25.6 | AI15: 19
A16: Steph Curry | B16: 15 | C16: 127 | D16: 15 | E16: 44705 | F16: GSW | G16: @ | H16: DAL | I16: L, 109-119 | J16: * | K16: 1.3569444 | L16: 7 | M16: 16 | N16: 0.438 | O16: 2 | P16: 5 | Q16: 0.4 | R16: 5 | S16: 11 | T16: 0.455 | U16: 0.5 | V16: 4 | W16: 5 | X16: 0.8 | Y16: 0 | Z16: 5 | AA16: 5 | AB16: 8 | AC16: 1 | AD16: 0 | AE16: 2 | AF16: 2 | AG16: 20 | AH16: 16.5 | AI16: -23
A17: Steph Curry | B17: 16 | C17: 128 | D17: 16 | E17: 44707 | F17: GSW | H17: DAL | I17: W, 120-110 | J17: * | K17: 1.4513889 | L17: 5 | M17: 17 | N17: 0.294 | O17: 2 | P17: 7 | Q17: 0.286 | R17: 3 | S17: 10 | T17: 0.3 | U17: 0.353 | V17: 3 | W17: 3 | X17: 1 | Y17: 0 | Z17: 3 | AA17: 3 | AB17: 9 | AC17: 3 | AD17: 1 | AE17: 2 | AF17: 2 | AG17: 15 | AH17: 13.2 | AI17: 11
A18: Steph Curry | B18: 17 | C18: 129 | D18: 17 | E18: 44714 | F18: GSW | H18: BOS | I18: L, 108-120 | J18: * | K18: 1.5951389 | L18: 12 | M18: 25 | N18: 0.48 | O18: 7 | P18: 14 | Q18: 0.5 | R18: 5 | S18: 11 | T18: 0.455 | U18: 0.62 | V18: 3 | W18: 4 | X18: 0.75 | Y18: 0 | Z18: 5 | AA18: 5 | AB18: 5 | AC18: 3 | AD18: 0 | AE18: 2 | AF18: 3 | AG18: 34 | AH18: 25.7 | AI18: -9
A19: Steph Curry | B19: 18 | C19: 130 | D19: 18 | E19: 44717 | F19: GSW | H19: BOS | I19: W, 107-88 | J19: * | K19: 1.3409722 | L19: 9 | M19: 21 | N19: 0.429 | O19: 5 | P19: 12 | Q19: 0.417 | R19: 4 | S19: 9 | T19: 0.444 | U19: 0.548 | V19: 6 | W19: 7 | X19: 0.857 | Y19: 0 | Z19: 6 | AA19: 6 | AB19: 4 | AC19: 3 | AD19: 0 | AE19: 2 | AF19: 2 | AG19: 29 | AH19: 22.3 | AI19: 24
A20: Steph Curry | B20: 19 | C20: 131 | D20: 19 | E20: 44720 | F20: GSW | G20: @ | H20: BOS | I20: L, 100-116 | J20: * | K20: 1.5472222 | L20: 12 | M20: 22 | N20: 0.545 | O20: 6 | P20: 11 | Q20: 0.545 | R20: 6 | S20: 11 | T20: 0.545 | U20: 0.682 | V20: 1 | W20: 1 | X20: 1 | Y20: 0 | Z20: 4 | AA20: 4 | AB20: 2 | AC20: 2 | AD20: 0 | AE20: 3 | AF20: 4 | AG20: 31 | AH20: 20.4 | AI20: -14
A21: Steph Curry | B21: 20 | C21: 132 | D21: 20 | E21: 44722 | F21: GSW | G21: @ | H21: BOS | I21: W, 107-97 | J21: * | K21: 1.6951389 | L21: 14 | M21: 26 | N21: 0.538 | O21: 7 | P21: 14 | Q21: 0.5 | R21: 7 | S21: 12 | T21: 0.583 | U21: 0.673 | V21: 8 | W21: 9 | X21: 0.889 | Y21: 2 | Z21: 8 | AA21: 10 | AB21: 4 | AC21: 0 | AD21: 0 | AE21: 5 | AF21: 3 | AG21: 43 | AH21: 30.4 | AI21: 11
A22: Steph Curry | B22: 21 | C22: 133 | D22: 21 | E22: 44725 | F22: GSW | H22: BOS | I22: W, 104-94 | J22: * | K22: 1.5472222 | L22: 7 | M22: 22 | N22: 0.318 | O22: 0 | P22: 9 | Q22: 0 | R22: 7 | S22: 13 | T22: 0.538 | U22: 0.318 | V22: 2 | W22: 3 | X22: 0.667 | Y22: 0 | Z22: 4 | AA22: 4 | AB22: 8 | AC22: 2 | AD22: 0 | AE22: 1 | AF22: 2 | AG22: 16 | AH22: 10 | AI22: 15
A23: Steph Curry | B23: 22 | C23: 134 | D23: 22 | E23: 44728 | F23: GSW | G23: @ | H23: BOS | I23: W, 103-90 | J23: * | K23: 1.6638889 | L23: 12 | M23: 21 | N23: 0.571 | O23: 6 | P23: 11 | Q23: 0.545 | R23: 6 | S23: 10 | T23: 0.6 | U23: 0.714 | V23: 4 | W23: 4 | X23: 1 | Y23: 0 | Z23: 7 | AA23: 7 | AB23: 7 | AC23: 2 | AD23: 1 | AE23: 2 | AF23: 4 | AG23: 34 | AH23: 30.2 | AI23: 8
A24: Steph Curry | B24: 1 | C24: 763 | D24: 1 | E24: 44488 | F24: GSW | G24: @ | H24: LAL | I24: W 121-114 | J24: * | K24: 1.5076389 | L24: 5 | M24: 21 | N24: 0.238 | O24: 2 | P24: 8 | Q24: 0.25 | R24: 3 | S24: 13 | T24: 0.231 | U24: 0.286 | V24: 9 | W24: 9 | X24: 1 | Y24: 1 | Z24: 9 | AA24: 10 | AB24: 10 | AC24: 3 | AD24: 0 | AE24: 4 | AF24: 1 | AG24: 21 | AH24: 17.3 | AI24: 4
A25: Steph Curry | B25: 2 | C25: 764 | D25: 2 | E25: 44490 | F25: GSW | H25: LAC | I25: W 115-113 | J25: * | K25: 1.5645833 | L25: 16 | M25: 25 | N25: 0.64 | O25: 8 | P25: 13 | Q25: 0.615 | R25: 8 | S25: 12 | T25: 0.667 | U25: 0.8 | V25: 5 | W25: 5 | X25: 1 | Y25: 0 | Z25: 10 | AA25: 10 | AB25: 1 | AC25: 1 | AD25: 1 | AE25: 6 | AF25: 2 | AG25: 45 | AH25: 32.5 | AI25: -2
A26: Steph Curry | B26: 3 | C26: 765 | D26: 3 | E26: 44493 | F26: GSW | G26: @ | H26: SAC | I26: W 119-107 | J26: * | K26: 1.4694444 | L26: 9 | M26: 23 | N26: 0.391 | O26: 4 | P26: 15 | Q26: 0.267 | R26: 5 | S26: 8 | T26: 0.625 | U26: 0.478 | V26: 5 | W26: 6 | X26: 0.833 | Y26: 1 | Z26: 6 | AA26: 7 | AB26: 10 | AC26: 3 | AD26: 0 | AE26: 3 | AF26: 1 | AG26: 27 | AH26: 23.2 | AI26: 14
A27: Steph Curry | B27: 4 | C27: 766 | D27: 4 | E27: 44495 | F27: GSW | G27: @ | H27: OKC | I27: W 106-98 | J27: * | K27: 1.3458333 | L27: 6 | M27: 14 | N27: 0.429 | O27: 4 | P27: 9 | Q27: 0.444 | R27: 2 | S27: 5 | T27: 0.4 | U27: 0.571 | V27: 7 | W27: 7 | X27: 1 | Y27: 1 | Z27: 5 | AA27: 6 | AB27: 4 | AC27: 0 | AD27: 1 | AE27: 4 | AF27: 1 | AG27: 23 | AH27: 16.9 | AI27: 15
A28: Steph Curry | B28: 5 | C28: 767 | D28: 5 | E28: 44497 | F28: GSW | H28: MEM | I28: L 101-104 (OT) | J28: * | K28: 1.6944444 | L28: 11 | M28: 29 | N28: 0.379 | O28: 7 | P28: 20 | Q28: 0.35 | R28: 4 | S28: 9 | T28: 0.444 | U28: 0.5 | V28: 7 | W28: 7 | X28: 1 | Y28: 1 | Z28: 6 | AA28: 7 | AB28: 8 | AC28: 1 | AD28: 0 | AE28: 5 | AF28: 2 | AG28: 36 | AH28: 23.4 | AI28: 12
A29: Steph Curry | B29: 6 | C29: 768 | D29: 6 | E29: 44499 | F29: GSW | H29: OKC | I29: W 103-82 | J29: * | K29: 1.1326389 | L29: 7 | M29: 16 | N29: 0.438 | O29: 6 | P29: 15 | Q29: 0.4 | R29: 1 | S29: 1 | T29: 1 | U29: 0.625 | V29: 0 | W29: 0 | Y29: 0 | Z29: 5 | AA29: 5 | AB29: 6 | AC29: 1 | AD29: 1 | AE29: 2 | AF29: 1 | AG29: 20 | AH29: 16.6 | AI29: 17
A30: Steph Curry | B30: 7 | C30: 769 | D30: 7 | E30: 44503 | F30: GSW | H30: CHO | I30: W 114-92 | J30: * | K30: 1.4756944 | L30: 6 | M30: 15 | N30: 0.4 | O30: 3 | P30: 11 | Q30: 0.273 | R30: 3 | S30: 4 | T30: 0.75 | U30: 0.5 | V30: 0 | W30: 0 | Y30: 1 | Z30: 7 | AA30: 8 | AB30: 9 | AC30: 1 | AD30: 1 | AE30: 4 | AF30: 3 | AG30: 15 | AH30: 12.5 | AI30: -1
A31: Steph Curry | B31: 8 | C31: 770 | D31: 8 | E31: 44505 | F31: GSW | H31: NOP | I31: W 126-85 | J31: * | K31: 1.2395833 | L31: 5 | M31: 16 | N31: 0.313 | O31: 5 | P31: 13 | Q31: 0.385 | R31: 0 | S31: 3 | T31: 0 | U31: 0.469 | V31: 4 | W31: 4 | X31: 1 | Y31: 0 | Z31: 3 | AA31: 3 | AB31: 6 | AC31: 0 | AD31: 2 | AE31: 1 | AF31: 1 | AG31: 19 | AH31: 14.9 | AI31: 17
A32: Steph Curry | B32: 9 | C32: 771 | D32: 9 | E32: 44507 | F32: GSW | H32: HOU | I32: W 120-107 | J32: * | K32: 1.1173611 | L32: 8 | M32: 16 | N32: 0.5 | O32: 4 | P32: 11 | Q32: 0.364 | R32: 4 | S32: 5 | T32: 0.8 | U32: 0.625 | V32: 0 | W32: 0 | Y32: 2 | Z32: 1 | AA32: 3 | AB32: 2 | AC32: 3 | AD32: 0 | AE32: 0 | AF32: 3 | AG32: 20 | AH32: 16.9 | AI32: 16
A33: Steph Curry | B33: 10 | C33: 772 | D33: 10 | E33: 44508 | F33: GSW | H33: ATL | I33: W 127-113 | J33: * | K33: 1.4597222 | L33: 14 | M33: 28 | N33: 0.5 | O33: 9 | P33: 19 | Q33: 0.474 | R33: 5 | S33: 9 | T33: 0.556 | U33: 0.661 | V33: 13 | W33: 13 | X33: 1 | Y33: 2 | Z33: 5 | AA33: 7 | AB33: 10 | AC33: 4 | AD33: 1 | AE33: 2 | AF33: 0 | AG33: 50 | AH33: 48.6 | AI33: 31
A34: Steph Curry | B34: 11 | C34: 773 | D34: 11 | E34: 44510 | F34: GSW | H34: MIN | I34: W 123-110 | J34: * | K34: 1.4208333 | L34: 8 | M34: 16 | N34: 0.5 | O34: 3 | P34: 9 | Q34: 0.333 | R34: 5 | S34: 7 | T34: 0.714 | U34: 0.594 | V34: 6 | W34: 8 | X34: 0.75 | Y34: 0 | Z34: 5 | AA34: 5 | AB34: 6 | AC34: 1 | AD34: 0 | AE34: 3 | AF34: 2 | AG34: 25 | AH34: 19.1 | AI34: 11
A35: Steph Curry | B35: 12 | C35: 774 | D35: 12 | E35: 44512 | F35: GSW | H35: CHI | I35: W 119-93 | J35: * | K35: 1.4256944 | L35: 15 | M35: 24 | N35: 0.625 | O35: 9 | P35: 17 | Q35: 0.529 | R35: 6 | S35: 7 | T35: 0.857 | U35: 0.813 | V35: 1 | W35: 1 | X35: 1 | Y35: 0 | Z35: 4 | AA35: 4 | AB35: 5 | AC35: 1 | AD35: 1 | AE35: 6 | AF35: 1 | AG35: 40 | AH35: 29.2 | AI35: 31
A36: Steph Curry | B36: 13 | C36: 775 | D36: 13 | E36: 44514 | F36: GSW | G36: @ | H36: CHO | I36: L 102-106 | J36: * | K36: 1.4875 | L36: 7 | M36: 22 | N36: 0.318 | O36: 3 | P36: 13 | Q36: 0.231 | R36: 4 | S36: 9 | T36: 0.444 | U36: 0.386 | V36: 7 | W36: 7 | X36: 1 | Y36: 1 | Z36: 5 | AA36: 6 | AB36: 10 | AC36: 3 | AD36: 1 | AE36: 3 | AF36: 2 | AG36: 24 | AH36: 20.5 | AI36: 14
A37: Steph Curry | B37: 14 | C37: 776 | D37: 14 | E37: 44516 | F37: GSW | G37: @ | H37: BRK | I37: W 117-99 | J37: * | K37: 1.21875 | L37: 12 | M37: 19 | N37: 0.632 | O37: 9 | P37: 14 | Q37: 0.643 | R37: 3 | S37: 5 | T37: 0.6 | U37: 0.868 | V37: 4 | W37: 4 | X37: 1 | Y37: 0 | Z37: 7 | AA37: 7 | AB37: 5 | AC37: 2 | AD37: 1 | AE37: 2 | AF37: 4 | AG37: 37 | AH37: 33.2 | AI37: 16
A38: Steph Curry | B38: 15 | C38: 777 | D38: 15 | E38: 44518 | F38: GSW | G38: @ | H38: CLE | I38: W 104-89 | J38: * | K38: 1.4743056 | L38: 15 | M38: 27 | N38: 0.556 | O38: 9 | P38: 16 | Q38: 0.563 | R38: 6 | S38: 11 | T38: 0.545 | U38: 0.722 | V38: 1 | W38: 1 | X38: 1 | Y38: 0 | Z38: 4 | AA38: 4 | AB38: 6 | AC38: 2 | AD38: 0 | AE38: 3 | AF38: 4 | AG38: 40 | AH38: 29.9 | AI38: 8
A39: Steph Curry | B39: 15 | D39: 16 | E39: 44519 | F39: GSW | G39: @ | H39: DET | I39: W 105-102 | J39: Inactive | K39: Inactive | L39: Inactive | M39: Inactive | N39: Inactive | O39: Inactive | P39: Inactive | Q39: Inactive | R39: Inactive | S39: Inactive | T39: Inactive | U39: Inactive | V39: Inactive | W39: Inactive | X39: Inactive | Y39: Inactive | Z39: Inactive | AA39: Inactive | AB39: Inactive | AC39: Inactive | AD39: Inactive | AE39: Inactive | AF39: Inactive | AG39: Inactive | AH39: Inactive | AI39: Inactive
A40: Steph Curry | B40: 16 | C40: 778 | D40: 17 | E40: 44521 | F40: GSW | H40: TOR | I40: W 119-104 | J40: * | K40: 1.5444444 | L40: 2 | M40: 10 | N40: 0.2 | O40: 1 | P40: 6 | Q40: 0.167 | R40: 1 | S40: 4 | T40: 0.25 | U40: 0.25 | V40: 7 | W40: 7 | X40: 1 | Y40: 0 | Z40: 2 | AA40: 2 | AB40: 8 | AC40: 1 | AD40: 0 | AE40: 4 | AF40: 1 | AG40: 12 | AH40: 8.6 | AI40: 19
A41: Steph Curry | B41: 17 | C41: 779 | D41: 18 | E41: 44524 | F41: GSW | H41: PHI | I41: W 116-96 | J41: * | K41: 1.4548611 | L41: 9 | M41: 16 | N41: 0.563 | O41: 6 | P41: 11 | Q41: 0.545 | R41: 3 | S41: 5 | T41: 0.6 | U41: 0.75 | V41: 1 | W41: 2 | X41: 0.5 | Y41: 0 | Z41: 4 | AA41: 4 | AB41: 10 | AC41: 1 | AD41: 0 | AE41: 4 | AF41: 1 | AG41: 25 | AH41: 21.8 | AI41: 29
A42: Steph Curry | B42: 18 | C42: 780 | D42: 19 | E42: 44526 | F42: GSW | H42: POR | I42: W 118-103 | J42: * | K42: 1.5861111 | L42: 12 | M42: 25 | N42: 0.48 | O42: 6 | P42: 15 | Q42: 0.4 | R42: 6 | S42: 10 | T42: 0.6 | U42: 0.6 | V42: 2 | W42: 3 | X42: 0.667 | Y42: 0 | Z42: 7 | AA42: 7 | AB42: 8 | AC42: 1 | AD42: 0 | AE42: 3 | AF42: 2 | AG42: 32 | AH42: 23.8 | AI42: 18
A43: Steph Curry | B43: 19 | C43: 781 | D43: 20 | E43: 44528 | F43: GSW | G43: @ | H43: LAC | I43: W 105-90 | J43: * | K43: 1.4493056 | L43: 12 | M43: 22 | N43: 0.545 | O43: 7 | P43: 13 | Q43: 0.538 | R43: 5 | S43: 9 | T43: 0.556 | U43: 0.705 | V43: 2 | W43: 2 | X43: 1 | Y43: 0 | Z43: 5 | AA43: 5 | AB43: 6 | AC43: 6 | AD43: 0 | AE43: 3 | AF43: 4 | AG43: 33 | AH43: 29.5 | AI43: 14
A44: Steph Curry | B44: 20 | C44: 782 | D44: 21 | E44: 44530 | F44: GSW | G44: @ | H44: PHO | I44: L 96-104 | J44: * | K44: 1.4986111 | L44: 4 | M44: 21 | N44: 0.19 | O44: 3 | P44: 14 | Q44: 0.214 | R44: 1 | S44: 7 | T44: 0.143 | U44: 0.262 | V44: 1 | W44: 1 | X44: 1 | Y44: 1 | Z44: 2 | AA44: 3 | AB44: 2 | AC44: 1 | AD44: 1 | AE44: 2 | AF44: 0 | AG44: 12 | AH44: 1.3 | AI44: -17
A45: Steph Curry | B45: 21 | C45: 783 | D45: 22 | E45: 44533 | F45: GSW | H45: PHO | I45: W 118-96 | J45: * | K45: 1.3916667 | L45: 8 | M45: 20 | N45: 0.4 | O45: 6 | P45: 11 | Q45: 0.545 | R45: 2 | S45: 9 | T45: 0.222 | U45: 0.55 | V45: 1 | W45: 2 | X45: 0.5 | Y45: 2 | Z45: 3 | AA45: 5 | AB45: 5 | AC45: 0 | AD45: 0 | AE45: 3 | AF45: 2 | AG45: 23 | AH45: 13.8 | AI45: 10
A46: Steph Curry | B46: 22 | C46: 784 | D46: 23 | E46: 44534 | F46: GSW | H46: SAS | I46: L 107-112 | J46: * | K46: 1.5361111 | L46: 7 | M46: 28 | N46: 0.25 | O46: 5 | P46: 17 | Q46: 0.294 | R46: 2 | S46: 11 | T46: 0.182 | U46: 0.339 | V46: 8 | W46: 9 | X46: 0.889 | Y46: 1 | Z46: 7 | AA46: 8 | AB46: 5 | AC46: 3 | AD46: 0 | AE46: 1 | AF46: 1 | AG46: 27 | AH46: 17.7 | AI46: 3
A47: Steph Curry | B47: 23 | C47: 785 | D47: 24 | E47: 44536 | F47: GSW | H47: ORL | I47: W 126-95 | J47: * | K47: 1.2902778 | L47: 8 | M47: 16 | N47: 0.5 | O47: 7 | P47: 13 | Q47: 0.538 | R47: 1 | S47: 3 | T47: 0.333 | U47: 0.719 | V47: 8 | W47: 8 | X47: 1 | Y47: 0 | Z47: 3 | AA47: 3 | AB47: 8 | AC47: 2 | AD47: 0 | AE47: 3 | AF47: 2 | AG47: 31 | AH47: 27.7 | AI47: 9
A48: Steph Curry | B48: 24 | C48: 786 | D48: 25 | E48: 44538 | F48: GSW | H48: POR | I48: W 104-94 | J48: * | K48: 1.3895833 | L48: 8 | M48: 19 | N48: 0.421 | O48: 6 | P48: 17 | Q48: 0.353 | R48: 2 | S48: 2 | T48: 1 | U48: 0.579 | V48: 0 | W48: 0 | Y48: 2 | Z48: 0 | AA48: 2 | AB48: 2 | AC48: 1 | AD48: 0 | AE48: 4 | AF48: 3 | AG48: 22 | AH48: 10.5 | AI48: 16
A49: Steph Curry | B49: 25 | C49: 787 | D49: 26 | E49: 44541 | F49: GSW | G49: @ | H49: PHI | I49: L 93-102 | J49: * | K49: 1.5097222 | L49: 6 | M49: 20 | N49: 0.3 | O49: 3 | P49: 14 | Q49: 0.214 | R49: 3 | S49: 6 | T49: 0.5 | U49: 0.375 | V49: 3 | W49: 4 | X49: 0.75 | Y49: 2 | Z49: 7 | AA49: 9 | AB49: 5 | AC49: 0 | AD49: 0 | AE49: 3 | AF49: 1 | AG49: 18 | AH49: 9.6 | AI49: -9
A50: Steph Curry | B50: 26 | C50: 788 | D50: 27 | E50: 44543 | F50: GSW | G50: @ | H50: IND | I50: W 102-100 | J50: * | K50: 1.4729167 | L50: 8 | M50: 20 | N50: 0.4 | O50: 5 | P50: 15 | Q50: 0.333 | R50: 3 | S50: 5 | T50: 0.6 | U50: 0.525 | V50: 5 | W50: 5 | X50: 1 | Y50: 1 | Z50: 5 | AA50: 6 | AB50: 6 | AC50: 1 | AD50: 1 | AE50: 7 | AF50: 1 | AG50: 26 | AH50: 15.9 | AI50: 17
A51: Steph Curry | B51: 27 | C51: 789 | D51: 28 | E51: 44544 | F51: GSW | G51: @ | H51: NYK | I51: W 105-96 | J51: * | K51: 1.4465278 | L51: 8 | M51: 19 | N51: 0.421 | O51: 5 | P51: 14 | Q51: 0.357 | R51: 3 | S51: 5 | T51: 0.6 | U51: 0.553 | V51: 1 | W51: 2 | X51: 0.5 | Y51: 0 | Z51: 3 | AA51: 3 | AB51: 3 | AC51: 1 | AD51: 1 | AE51: 4 | AF51: 4 | AG51: 22 | AH51: 10.6 | AI51: 13
A52: Steph Curry | B52: 28 | C52: 790 | D52: 29 | E52: 44547 | F52: GSW | G52: @ | H52: BOS | I52: W 111-107 | J52: * | K52: 1.46875 | L52: 8 | M52: 21 | N52: 0.381 | O52: 5 | P52: 14 | Q52: 0.357 | R52: 3 | S52: 7 | T52: 0.429 | U52: 0.5 | V52: 9 | W52: 9 | X52: 1 | Y52: 1 | Z52: 4 | AA52: 5 | AB52: 4 | AC52: 1 | AD52: 0 | AE52: 6 | AF52: 6 | AG52: 30 | AH52: 15.8 | AI52: -10
A53: Steph Curry | B53: 28 | D53: 30 | E53: 44548 | F53: GSW | G53: @ | H53: TOR | I53: L 100-119 | J53: Inactive | K53: Inactive | L53: Inactive | M53: Inactive | N53: Inactive | O53: Inactive | P53: Inactive | Q53: Inactive | R53: Inactive | S53: Inactive | T53: Inactive | U53: Inactive | V53: Inactive | W53: Inactive | X53: Inactive | Y53: Inactive | Z53: Inactive | AA53: Inactive | AB53: Inactive | AC53: Inactive | AD53: Inactive | AE53: Inactive | AF53: Inactive | AG53: Inactive | AH53: Inactive | AI53: Inactive
A54: Steph Curry | B54: 29 | C54: 791 | D54: 31 | E54: 44550 | F54: GSW | H54: SAC | I54: W 113-98 | J54: * | K54: 1.5097222 | L54: 13 | M54: 27 | N54: 0.481 | O54: 4 | P54: 12 | Q54: 0.333 | R54: 9 | S54: 15 | T54: 0.6 | U54: 0.556 | V54: 0 | W54: 1 | X54: 0 | Y54: 0 | Z54: 3 | AA54: 3 | AB54: 4 | AC54: 0 | AD54: 2 | AE54: 4 | AF54: 1 | AG54: 30 | AH54: 16.6 | AI54: 16
A55: Steph Curry | B55: 30 | C55: 792 | D55: 32 | E55: 44553 | F55: GSW | H55: MEM | I55: W 113-104 | J55: * | K55: 1.5548611 | L55: 13 | M55: 22 | N55: 0.591 | O55: 8 | P55: 14 | Q55: 0.571 | R55: 5 | S55: 8 | T55: 0.625 | U55: 0.773 | V55: 12 | W55: 12 | X55: 1 | Y55: 0 | Z55: 4 | AA55: 4 | AB55: 4 | AC55: 2 | AD55: 0 | AE55: 3 | AF55: 1 | AG55: 46 | AH55: 38.4 | AI55: 15
A56: Steph Curry | B56: 31 | C56: 793 | D56: 33 | E56: 44555 | F56: GSW | G56: @ | H56: PHO | I56: W 116-107 | J56: * | K56: 1.55 | L56: 10 | M56: 27 | N56: 0.37 | O56: 5 | P56: 16 | Q56: 0.313 | R56: 5 | S56: 11 | T56: 0.455 | U56: 0.463 | V56: 8 | W56: 9 | X56: 0.889 | Y56: 0 | Z56: 4 | AA56: 4 | AB56: 6 | AC56: 3 | AD56: 1 | AE56: 1 | AF56: 3 | AG56: 33 | AH56: 24.6 | AI56: 24
A57: Steph Curry | B57: 32 | C57: 794 | D57: 34 | E57: 44558 | F57: GSW | H57: DEN | I57: L 86-89 | J57: * | K57: 1.6284722 | L57: 6 | M57: 16 | N57: 0.375 | O57: 5 | P57: 14 | Q57: 0.357 | R57: 1 | S57: 2 | T57: 0.5 | U57: 0.531 | V57: 6 | W57: 7 | X57: 0.857 | Y57: 0 | Z57: 4 | AA57: 4 | AB57: 4 | AC57: 0 | AD57: 0 | AE57: 6 | AF57: 3 | AG57: 23 | AH57: 10.6 | AI57: 5
A58: Steph Curry | B58: 33 | C58: 795 | D58: 35 | E58: 44562 | F58: GSW | G58: @ | H58: UTA | I58: W 123-116 | J58: * | K58: 1.4798611 | L58: 8 | M58: 18 | N58: 0.444 | O58: 6 | P58: 12 | Q58: 0.5 | R58: 2 | S58: 6 | T58: 0.333 | U58: 0.611 | V58: 6 | W58: 7 | X58: 0.857 | Y58: 0 | Z58: 6 | AA58: 6 | AB58: 9 | AC58: 0 | AD58: 1 | AE58: 3 | AF58: 3 | AG58: 28 | AH58: 22.8 | AI58: 4
A59: Steph Curry | B59: 34 | C59: 796 | D59: 36 | E59: 44564 | F59: GSW | H59: MIA | I59: W 115-108 | J59: * | K59: 1.3340278 | L59: 3 | M59: 17 | N59: 0.176 | O59: 1 | P59: 10 | Q59: 0.1 | R59: 2 | S59: 7 | T59: 0.286 | U59: 0.206 | V59: 2 | W59: 2 | X59: 1 | Y59: 0 | Z59: 3 | AA59: 3 | AB59: 10 | AC59: 0 | AD59: 1 | AE59: 2 | AF59: 3 | AG59: 9 | AH59: 3.7 | AI59: 0
A60: Steph Curry | B60: 35 | C60: 797 | D60: 37 | E60: 44566 | F60: GSW | G60: @ | H60: DAL | I60: L 82-99 | J60: * | K60: 1.5027778 | L60: 5 | M60: 24 | N60: 0.208 | O60: 1 | P60: 9 | Q60: 0.111 | R60: 4 | S60: 15 | T60: 0.267 | U60: 0.229 | V60: 3 | W60: 4 | X60: 0.75 | Y60: 0 | Z60: 9 | AA60: 9 | AB60: 5 | AC60: 0 | AD60: 1 | AE60: 5 | AF60: 2 | AG60: 14 | AH60: -0.1 | AI60: 0
A61: Steph Curry | B61: 35 | D61: 38 | E61: 44567 | F61: GSW | G61: @ | H61: NOP | I61: L 96-101 | J61: Inactive | K61: Inactive | L61: Inactive | M61: Inactive | N61: Inactive | O61: Inactive | P61: Inactive | Q61: Inactive | R61: Inactive | S61: Inactive | T61: Inactive | U61: Inactive | V61: Inactive | W61: Inactive | X61: Inactive | Y61: Inactive | Z61: Inactive | AA61: Inactive | AB61: Inactive | AC61: Inactive | AD61: Inactive | AE61: Inactive | AF61: Inactive | AG61: Inactive | AH61: Inactive | AI61: Inactive
A62: Steph Curry | B62: 36 | C62: 798 | D62: 39 | E62: 44570 | F62: GSW | H62: CLE | I62: W 96-82 | J62: * | K62: 1.5215278 | L62: 10 | M62: 21 | N62: 0.476 | O62: 4 | P62: 11 | Q62: 0.364 | R62: 6 | S62: 10 | T62: 0.6 | U62: 0.571 | V62: 4 | W62: 4 | X62: 1 | Y62: 3 | Z62: 2 | AA62: 5 | AB62: 5 | AC62: 1 | AD62: 0 | AE62: 5 | AF62: 3 | AG62: 28 | AH62: 18.3 | AI62: 23
A63: Steph Curry | B63: 37 | C63: 799 | D63: 40 | E63: 44572 | F63: GSW | G63: @ | H63: MEM | I63: L 108-116 | J63: * | K63: 1.6118056 | L63: 8 | M63: 21 | N63: 0.381 | O63: 2 | P63: 9 | Q63: 0.222 | R63: 6 | S63: 12 | T63: 0.5 | U63: 0.429 | V63: 9 | W63: 10 | X63: 0.9 | Y63: 1 | Z63: 9 | AA63: 10 | AB63: 10 | AC63: 2 | AD63: 0 | AE63: 3 | AF63: 3 | AG63: 27 | AH63: 23.3 | AI63: -1
A64: Steph Curry | B64: 38 | C64: 800 | D64: 41 | E64: 44574 | F64: GSW | G64: @ | H64: MIL | I64: L 99-118 | J64: * | K64: 1.21875 | L64: 4 | M64: 11 | N64: 0.364 | O64: 2 | P64: 6 | Q64: 0.333 | R64: 2 | S64: 5 | T64: 0.4 | U64: 0.455 | V64: 2 | W64: 2 | X64: 1 | Y64: 0 | Z64: 8 | AA64: 8 | AB64: 4 | AC64: 2 | AD64: 0 | AE64: 4 | AF64: 0 | AG64: 12 | AH64: 9.1 | AI64: -25
A65: Steph Curry | B65: 39 | C65: 801 | D65: 42 | E65: 44575 | F65: GSW | G65: @ | H65: CHI | I65: W 138-96 | J65: * | K65: 1.1506944 | L65: 7 | M65: 15 | N65: 0.467 | O65: 4 | P65: 10 | Q65: 0.4 | R65: 3 | S65: 5 | T65: 0.6 | U65: 0.6 | V65: 1 | W65: 2 | X65: 0.5 | Y65: 0 | Z65: 2 | AA65: 2 | AB65: 2 | AC65: 1 | AD65: 0 | AE65: 1 | AF65: 0 | AG65: 19 | AH65: 12.9 | AI65: 24
A66: Steph Curry | B66: 39 | D66: 43 | E66: 44577 | F66: GSW | G66: @ | H66: MIN | I66: L 99-119 | J66: Inactive | K66: Inactive | L66: Inactive | M66: Inactive | N66: Inactive | O66: Inactive | P66: Inactive | Q66: Inactive | R66: Inactive | S66: Inactive | T66: Inactive | U66: Inactive | V66: Inactive | W66: Inactive | X66: Inactive | Y66: Inactive | Z66: Inactive | AA66: Inactive | AB66: Inactive | AC66: Inactive | AD66: Inactive | AE66: Inactive | AF66: Inactive | AG66: Inactive | AH66: Inactive | AI66: Inactive
A67: Steph Curry | B67: 40 | C67: 802 | D67: 44 | E67: 44579 | F67: GSW | H67: DET | I67: W 102-86 | J67: * | K67: 1.1895833 | L67: 6 | M67: 11 | N67: 0.545 | O67: 4 | P67: 8 | Q67: 0.5 | R67: 2 | S67: 3 | T67: 0.667 | U67: 0.727 | V67: 2 | W67: 2 | X67: 1 | Y67: 0 | Z67: 3 | AA67: 3 | AB67: 8 | AC67: 3 | AD67: 0 | AE67: 1 | AF67: 1 | AG67: 18 | AH67: 20.8 | AI67: 21
A68: Steph Curry | B68: 41 | C68: 803 | D68: 45 | E68: 44581 | F68: GSW | H68: IND | I68: L 117-121 (OT) | J68: * | K68: 1.83125 | L68: 12 | M68: 27 | N68: 0.444 | O68: 6 | P68: 16 | Q68: 0.375 | R68: 6 | S68: 11 | T68: 0.545 | U68: 0.556 | V68: 9 | W68: 9 | X68: 1 | Y68: 0 | Z68: 5 | AA68: 5 | AB68: 8 | AC68: 1 | AD68: 0 | AE68: 2 | AF68: 3 | AG68: 39 | AH68: 29.8 | AI68: -4
A69: Steph Curry | B69: 42 | C69: 804 | D69: 46 | E69: 44582 | F69: GSW | H69: HOU | I69: W 105-103 | J69: * | K69: 1.6222222 | L69: 6 | M69: 21 | N69: 0.286 | O69: 4 | P69: 13 | Q69: 0.308 | R69: 2 | S69: 8 | T69: 0.25 | U69: 0.381 | V69: 6 | W69: 8 | X69: 0.75 | Y69: 0 | Z69: 4 | AA69: 4 | AB69: 12 | AC69: 1 | AD69: 1 | AE69: 2 | AF69: 3 | AG69: 22 | AH69: 17 | AI69: 2
A70: Steph Curry | B70: 43 | C70: 805 | D70: 47 | E70: 44584 | F70: GSW | H70: UTA | I70: W 94-92 | J70: * | K70: 1.4597222 | L70: 5 | M70: 20 | N70: 0.25 | O70: 1 | P70: 13 | Q70: 0.077 | R70: 4 | S70: 7 | T70: 0.571 | U70: 0.275 | V70: 2 | W70: 2 | X70: 1 | Y70: 2 | Z70: 2 | AA70: 4 | AB70: 6 | AC70: 0 | AD70: 0 | AE70: 1 | AF70: 0 | AG70: 13 | AH70: 6.2 | AI70: -5
A71: Steph Curry | B71: 44 | C71: 806 | D71: 48 | E71: 44586 | F71: GSW | H71: DAL | I71: W 130-92 | J71: * | K71: 1.2069444 | L71: 7 | M71: 16 | N71: 0.438 | O71: 2 | P71: 10 | Q71: 0.2 | R71: 5 | S71: 6 | T71: 0.833 | U71: 0.5 | V71: 2 | W71: 3 | X71: 0.667 | Y71: 2 | Z71: 7 | AA71: 9 | AB71: 7 | AC71: 1 | AD71: 0 | AE71: 4 | AF71: 3 | AG71: 18 | AH71: 13.4 | AI71: 23
A72: Steph Curry | B72: 45 | C72: 807 | D72: 49 | E72: 44588 | F72: GSW | H72: MIN | I72: W 124-115 | J72: * | K72: 1.5979167 | L72: 10 | M72: 20 | N72: 0.5 | O72: 6 | P72: 10 | Q72: 0.6 | R72: 4 | S72: 10 | T72: 0.4 | U72: 0.65 | V72: 3 | W72: 3 | X72: 1 | Y72: 0 | Z72: 8 | AA72: 8 | AB72: 6 | AC72: 3 | AD72: 0 | AE72: 4 | AF72: 1 | AG72: 29 | AH72: 24.2 | AI72: 13
A73: Steph Curry | B73: 46 | C73: 808 | D73: 50 | E73: 44590 | F73: GSW | H73: BRK | I73: W 110-106 | J73: * | K73: 1.4798611 | L73: 5 | M73: 18 | N73: 0.278 | O73: 3 | P73: 10 | Q73: 0.3 | R73: 2 | S73: 8 | T73: 0.25 | U73: 0.361 | V73: 6 | W73: 6 | X73: 1 | Y73: 2 | Z73: 5 | AA73: 7 | AB73: 8 | AC73: 3 | AD73: 0 | AE73: 5 | AF73: 5 | AG73: 19 | AH73: 12.9 | AI73: -3
A74: Steph Curry | B74: 47 | C74: 809 | D74: 51 | E74: 44592 | F74: GSW | G74: @ | H74: HOU | I74: W 122-108 | J74: * | K74: 1.58125 | L74: 13 | M74: 23 | N74: 0.565 | O74: 7 | P74: 14 | Q74: 0.5 | R74: 6 | S74: 9 | T74: 0.667 | U74: 0.717 | V74: 7 | W74: 8 | X74: 0.875 | Y74: 0 | Z74: 5 | AA74: 5 | AB74: 9 | AC74: 1 | AD74: 1 | AE74: 1 | AF74: 0 | AG74: 40 | AH74: 37.2 | AI74: 18
A75: Steph Curry | B75: 47 | D75: 52 | E75: 44593 | F75: GSW | G75: @ | H75: SAS | I75: W 124-120 | J75: Inactive | K75: Inactive | L75: Inactive | M75: Inactive | N75: Inactive | O75: Inactive | P75: Inactive | Q75: Inactive | R75: Inactive | S75: Inactive | T75: Inactive | U75: Inactive | V75: Inactive | W75: Inactive | X75: Inactive | Y75: Inactive | Z75: Inactive | AA75: Inactive | AB75: Inactive | AC75: Inactive | AD75: Inactive | AE75: Inactive | AF75: Inactive | AG75: Inactive | AH75: Inactive | AI75: Inactive
A76: Steph Curry | B76: 48 | C76: 810 | D76: 53 | E76: 44595 | F76: GSW | H76: SAC | I76: W 126-114 | J76: * | K76: 1.3194444 | L76: 7 | M76: 11 | N76: 0.636 | O76: 4 | P76: 7 | Q76: 0.571 | R76: 3 | S76: 4 | T76: 0.75 | U76: 0.818 | V76: 2 | W76: 2 | X76: 1 | Y76: 0 | Z76: 1 | AA76: 1 | AB76: 7 | AC76: 2 | AD76: 0 | AE76: 4 | AF76: 4 | AG76: 20 | AH76: 16.7 | AI76: 21
A77: Steph Curry | B77: 49 | C77: 811 | D77: 54 | E77: 44599 | F77: GSW | G77: @ | H77: OKC | I77: W 110-98 | J77: * | K77: 1.5236111 | L77: 6 | M77: 12 | N77: 0.5 | O77: 4 | P77: 10 | Q77: 0.4 | R77: 2 | S77: 2 | T77: 1 | U77: 0.667 | V77: 2 | W77: 2 | X77: 1 | Y77: 0 | Z77: 9 | AA77: 9 | AB77: 10 | AC77: 1 | AD77: 0 | AE77: 4 | AF77: 2 | AG77: 18 | AH77: 17.9 | AI77: 4
A78: Steph Curry | B78: 50 | C78: 812 | D78: 55 | E78: 44601 | F78: GSW | G78: @ | H78: UTA | I78: L 85-111 | J78: * | K78: 1.2354167 | L78: 5 | M78: 13 | N78: 0.385 | O78: 3 | P78: 8 | Q78: 0.375 | R78: 2 | S78: 5 | T78: 0.4 | U78: 0.5 | V78: 3 | W78: 4 | X78: 0.75 | Y78: 1 | Z78: 6 | AA78: 7 | AB78: 2 | AC78: 0 | AD78: 0 | AE78: 4 | AF78: 2 | AG78: 16 | AH78: 7.6 | AI78: -14
A79: Steph Curry | B79: 51 | C79: 813 | D79: 56 | E79: 44602 | F79: GSW | H79: NYK | I79: L 114-116 | J79: * | K79: 1.6305556 | L79: 11 | M79: 25 | N79: 0.44 | O79: 5 | P79: 16 | Q79: 0.313 | R79: 6 | S79: 9 | T79: 0.667 | U79: 0.54 | V79: 8 | W79: 8 | X79: 1 | Y79: 0 | Z79: 2 | AA79: 2 | AB79: 10 | AC79: 1 | AD79: 0 | AE79: 3 | AF79: 5 | AG79: 35 | AH79: 25.5 | AI79: 9
A80: Steph Curry | B80: 52 | C80: 814 | D80: 57 | E80: 44604 | F80: GSW | H80: LAL | I80: W 117-115 | J80: * | K80: 1.525 | L80: 7 | M80: 17 | N80: 0.412 | O80: 1 | P80: 8 | Q80: 0.125 | R80: 6 | S80: 9 | T80: 0.667 | U80: 0.441 | V80: 9 | W80: 9 | X80: 1 | Y80: 0 | Z80: 5 | AA80: 5 | AB80: 8 | AC80: 1 | AD80: 0 | AE80: 2 | AF80: 3 | AG80: 24 | AH80: 19.8 | AI80: 8
A81: Steph Curry | B81: 53 | C81: 815 | D81: 58 | E81: 44606 | F81: GSW | G81: @ | H81: LAC | I81: L 104-119 | J81: * | K81: 1.4090278 | L81: 11 | M81: 18 | N81: 0.611 | O81: 8 | P81: 13 | Q81: 0.615 | R81: 3 | S81: 5 | T81: 0.6 | U81: 0.833 | V81: 3 | W81: 3 | X81: 1 | Y81: 0 | Z81: 2 | AA81: 2 | AB81: 2 | AC81: 0 | AD81: 0 | AE81: 4 | AF81: 2 | AG81: 33 | AH81: 22 | AI81: -19
A82: Steph Curry | B82: 54 | C82: 816 | D82: 59 | E82: 44608 | F82: GSW | H82: DEN | I82: L 116-117 | J82: * | K82: 1.6291667 | L82: 10 | M82: 19 | N82: 0.526 | O82: 1 | P82: 7 | Q82: 0.143 | R82: 9 | S82: 12 | T82: 0.75 | U82: 0.553 | V82: 4 | W82: 4 | X82: 1 | Y82: 0 | Z82: 3 | AA82: 3 | AB82: 6 | AC82: 0 | AD82: 0 | AE82: 2 | AF82: 2 | AG82: 25 | AH82: 18 | AI82: -2
A83: Steph Curry | B83: 55 | C83: 817 | D83: 60 | E83: 44616 | F83: GSW | G83: @ | H83: POR | I83: W 132-95 | J83: * | K83: 1.14375 | L83: 5 | M83: 11 | N83: 0.455 | O83: 2 | P83: 7 | Q83: 0.286 | R83: 3 | S83: 4 | T83: 0.75 | U83: 0.545 | V83: 6 | W83: 6 | X83: 1 | Y83: 0 | Z83: 5 | AA83: 5 | AB83: 14 | AC83: 1 | AD83: 1 | AE83: 3 | AF83: 3 | AG83: 18 | AH83: 21.1 | AI83: 19
A84: Steph Curry | B84: 56 | C84: 818 | D84: 61 | E84: 44619 | F84: GSW | H84: DAL | I84: L 101-107 | J84: * | K84: 1.5861111 | L84: 11 | M84: 25 | N84: 0.44 | O84: 3 | P84: 10 | Q84: 0.3 | R84: 8 | S84: 15 | T84: 0.533 | U84: 0.5 | V84: 2 | W84: 4 | X84: 0.5 | Y84: 1 | Z84: 3 | AA84: 4 | AB84: 10 | AC84: 2 | AD84: 0 | AE84: 1 | AF84: 0 | AG84: 27 | AH84: 22.7 | AI84: -4
A85: Steph Curry | B85: 57 | C85: 819 | D85: 62 | E85: 44621 | F85: GSW | G85: @ | H85: MIN | I85: L 114-129 | J85: * | K85: 1.3840278 | L85: 10 | M85: 24 | N85: 0.417 | O85: 5 | P85: 16 | Q85: 0.313 | R85: 5 | S85: 8 | T85: 0.625 | U85: 0.521 | V85: 9 | W85: 9 | X85: 1 | Y85: 1 | Z85: 4 | AA85: 5 | AB85: 4 | AC85: 0 | AD85: 0 | AE85: 4 | AF85: 1 | AG85: 34 | AH85: 21.5 | AI85: -10
A86: Steph Curry | B86: 58 | C86: 820 | D86: 63 | E86: 44623 | F86: GSW | G86: @ | H86: DAL | I86: L 113-122 | J86: * | K86: 1.6847222 | L86: 8 | M86: 15 | N86: 0.533 | O86: 4 | P86: 5 | Q86: 0.8 | R86: 4 | S86: 10 | T86: 0.4 | U86: 0.667 | V86: 1 | W86: 1 | X86: 1 | Y86: 0 | Z86: 5 | AA86: 5 | AB86: 9 | AC86: 1 | AD86: 0 | AE86: 3 | AF86: 3 | AG86: 21 | AH86: 18.3 | AI86: -8
A87: Steph Curry | B87: 59 | C87: 821 | D87: 64 | E87: 44625 | F87: GSW | G87: @ | H87: LAL | I87: L 116-124 | J87: * | K87: 1.4868056 | L87: 13 | M87: 22 | N87: 0.591 | O87: 4 | P87: 9 | Q87: 0.444 | R87: 9 | S87: 13 | T87: 0.692 | U87: 0.682 | V87: 0 | W87: 0 | Y87: 0 | Z87: 4 | AA87: 4 | AB87: 1 | AC87: 0 | AD87: 0 | AE87: 4 | AF87: 0 | AG87: 30 | AH87: 17.7 | AI87: -12
A88: Steph Curry | B88: 59 | D88: 65 | E88: 44627 | F88: GSW | G88: @ | H88: DEN | I88: L 124-131 | J88: Inactive | K88: Inactive | L88: Inactive | M88: Inactive | N88: Inactive | O88: Inactive | P88: Inactive | Q88: Inactive | R88: Inactive | S88: Inactive | T88: Inactive | U88: Inactive | V88: Inactive | W88: Inactive | X88: Inactive | Y88: Inactive | Z88: Inactive | AA88: Inactive | AB88: Inactive | AC88: Inactive | AD88: Inactive | AE88: Inactive | AF88: Inactive | AG88: Inactive | AH88: Inactive | AI88: Inactive
A89: Steph Curry | B89: 60 | C89: 822 | D89: 66 | E89: 44628 | F89: GSW | H89: LAC | I89: W 112-97 | J89: * | K89: 1.4604167 | L89: 5 | M89: 12 | N89: 0.417 | O89: 1 | P89: 6 | Q89: 0.167 | R89: 4 | S89: 6 | T89: 0.667 | U89: 0.458 | V89: 4 | W89: 4 | X89: 1 | Y89: 0 | Z89: 5 | AA89: 5 | AB89: 5 | AC89: 3 | AD89: 0 | AE89: 4 | AF89: 4 | AG89: 15 | AH89: 11 | AI89: 6
A90: Steph Curry | B90: 61 | C90: 823 | D90: 67 | E90: 44630 | F90: GSW | G90: @ | H90: DEN | I90: W 113-102 | J90: * | K90: 1.5819444 | L90: 11 | M90: 21 | N90: 0.524 | O90: 5 | P90: 12 | Q90: 0.417 | R90: 6 | S90: 9 | T90: 0.667 | U90: 0.643 | V90: 7 | W90: 7 | X90: 1 | Y90: 0 | Z90: 9 | AA90: 9 | AB90: 3 | AC90: 2 | AD90: 0 | AE90: 2 | AF90: 1 | AG90: 34 | AH90: 28.1 | AI90: 18
A91: Steph Curry | B91: 62 | C91: 824 | D91: 68 | E91: 44632 | F91: GSW | H91: MIL | I91: W 122-109 | J91: * | K91: 1.38125 | L91: 3 | M91: 7 | N91: 0.429 | O91: 2 | P91: 4 | Q91: 0.5 | R91: 1 | S91: 3 | T91: 0.333 | U91: 0.571 | V91: 0 | W91: 0 | Y91: 1 | Z91: 4 | AA91: 5 | AB91: 8 | AC91: 1 | AD91: 1 | AE91: 4 | AF91: 1 | AG91: 8 | AH91: 9.1 | AI91: 14
A92: Steph Curry | B92: 63 | C92: 825 | D92: 69 | E92: 44634 | F92: GSW | H92: WAS | I92: W 126-112 | J92: * | K92: 1.4763889 | L92: 16 | M92: 25 | N92: 0.64 | O92: 7 | P92: 14 | Q92: 0.5 | R92: 9 | S92: 11 | T92: 0.818 | U92: 0.78 | V92: 8 | W92: 8 | X92: 1 | Y92: 0 | Z92: 6 | AA92: 6 | AB92: 6 | AC92: 1 | AD92: 0 | AE92: 2 | AF92: 1 | AG92: 47 | AH92: 40.5 | AI92: 17
A93: Steph Curry | B93: 64 | C93: 826 | D93: 70 | E93: 44636 | F93: GSW | H93: BOS | I93: L 88-110 | J93: * | K93: 0.56944444 | L93: 1 | M93: 4 | N93: 0.25 | O93: 1 | P93: 4 | Q93: 0.25 | R93: 0 | S93: 0 | U93: 0.375 | V93: 0 | W93: 0 | Y93: 0 | Z93: 1 | AA93: 1 | AB93: 2 | AC93: 0 | AD93: 0 | AE93: 4 | AF93: 2 | AG93: 3 | AH93: -2.5 | AI93: -5
A94: Steph Curry | B94: 64 | D94: 71 | E94: 44640 | F94: GSW | H94: SAS | I94: L 108-110 | J94: Inactive | K94: Inactive | L94: Inactive | M94: Inactive | N94: Inactive | O94: Inactive | P94: Inactive | Q94: Inactive | R94: Inactive | S94: Inactive | T94: Inactive | U94: Inactive | V94: Inactive | W94: Inactive | X94: Inactive | Y94: Inactive | Z94: Inactive | AA94: Inactive | AB94: Inactive | AC94: Inactive | AD94: Inactive | AE94: Inactive | AF94: Inactive | AG94: Inactive | AH94: Inactive | AI94: Inactive
A95: Steph Curry | B95: 64 | D95: 72 | E95: 44642 | F95: GSW | G95: @ | H95: ORL | I95: L 90-94 | J95: Inactive | K95: Inactive | L95: Inactive | M95: Inactive | N95: Inactive | O95: Inactive | P95: Inactive | Q95: Inactive | R95: Inactive | S95: Inactive | T95: Inactive | U95: Inactive | V95: Inactive | W95: Inactive | X95: Inactive | Y95: Inactive | Z95: Inactive | AA95: Inactive | AB95: Inactive | AC95: Inactive | AD95: Inactive | AE95: Inactive | AF95: Inactive | AG95: Inactive | AH95: Inactive | AI95: Inactive
A96: Steph Curry | B96: 64 | D96: 73 | E96: 44643 | F96: GSW | G96: @ | H96: MIA | I96: W 118-104 | J96: Inactive | K96: Inactive | L96: Inactive | M96: Inactive | N96: Inactive | O96: Inactive | P96: Inactive | Q96: Inactive | R96: Inactive | S96: Inactive | T96: Inactive | U96: Inactive | V96: Inactive | W96: Inactive | X96: Inactive | Y96: Inactive | Z96: Inactive | AA96: Inactive | AB96: Inactive | AC96: Inactive | AD96: Inactive | AE96: Inactive | AF96: Inactive | AG96: Inactive | AH96: Inactive | AI96: Inactive
A97: Steph Curry | B97: 64 | D97: 74 | E97: 44645 | F97: GSW | G97: @ | H97: ATL | I97: L 110-121 | J97: Inactive | K97: Inactive | L97: Inactive | M97: Inactive | N97: Inactive | O97: Inactive | P97: Inactive | Q97: Inactive | R97: Inactive | S97: Inactive | T97: Inactive | U97: Inactive | V97: Inactive | W97: Inactive | X97: Inactive | Y97: Inactive | Z97: Inactive | AA97: Inactive | AB97: Inactive | AC97: Inactive | AD97: Inactive | AE97: Inactive | AF97: Inactive | AG97: Inactive | AH97: Inactive | AI97: Inactive
A98: Steph Curry | B98: 64 | D98: 75 | E98: 44647 | F98: GSW | G98: @ | H98: WAS | I98: L 115-123 | J98: Inactive | K98: Inactive | L98: Inactive | M98: Inactive | N98: Inactive | O98: Inactive | P98: Inactive | Q98: Inactive | R98: Inactive | S98: Inactive | T98: Inactive | U98: Inactive | V98: Inactive | W98: Inactive | X98: Inactive | Y98: Inactive | Z98: Inactive | AA98: Inactive | AB98: Inactive | AC98: Inactive | AD98: Inactive | AE98: Inactive | AF98: Inactive | AG98: Inactive | AH98: Inactive | AI98: Inactive
A99: Steph Curry | B99: 64 | D99: 76 | E99: 44648 | F99: GSW | G99: @ | H99: MEM | I99: L 95-123 | J99: Inactive | K99: Inactive | L99: Inactive | M99: Inactive | N99: Inactive | O99: Inactive | P99: Inactive | Q99: Inactive | R99: Inactive | S99: Inactive | T99: Inactive | U99: Inactive | V99: Inactive | W99: Inactive | X99: Inactive | Y99: Inactive | Z99: Inactive | AA99: Inactive | AB99: Inactive | AC99: Inactive | AD99: Inactive | AE99: Inactive | AF99: Inactive | AG99: Inactive | AH99: Inactive | AI99: Inactive
A100: Steph Curry | B100: 64 | D100: 77 | E100: 44650 | F100: GSW | H100: PHO | I100: L 103-107 | J100: Inactive | K100: Inactive | L100: Inactive | M100: Inactive | N100: Inactive | O100: Inactive | P100: Inactive | Q100: Inactive | R100: Inactive | S100: Inactive | T100: Inactive | U100: Inactive | V100: Inactive | W100: Inactive | X100: Inactive | Y100: Inactive | Z100: Inactive | AA100: Inactive | AB100: Inactive | AC100: Inactive | AD100: Inactive | AE100: Inactive | AF100: Inactive | AG100: Inactive | AH100: Inactive | AI100: Inactive
...

Sheet wiggins
A1: Player | B1: Rk | C1: Gcar | D1: Gtm | E1: Date | F1: Team | H1: Opp | I1: Result | J1: GS | K1: MP | L1: FG | M1: FGA | N1: FG% | O1: 3P | P1: 3PA | Q1: 3P% | R1: 2P | S1: 2PA | T1: 2P% | U1: eFG% | V1: FT | W1: FTA | X1: FT% | Y1: ORB | Z1: DRB | AA1: TRB | AB1: AST | AC1: STL | AD1: BLK | AE1: TOV | AF1: PF | AG1: PTS | AH1: GmSc | AI1: +/-
A2: Andrew Wiggins | B2: 1 | C2: 526 | D2: 1 | E2: 44488 | F2: GSW | G2: @ | H2: LAL | I2: W 121-114 | J2: * | K2: 1.0722222 | L2: 5 | M2: 10 | N2: 0.5 | O2: 2 | P2: 5 | Q2: 0.4 | R2: 3 | S2: 5 | T2: 0.6 | U2: 0.6 | V2: 0 | W2: 0 | Y2: 1 | Z2: 6 | AA2: 7 | AB2: 1 | AC2: 1 | AD2: 0 | AE2: 2 | AF2: 3 | AG2: 12 | AH2: 8 | AI2: -5
A3: Andrew Wiggins | B3: 2 | C3: 527 | D3: 2 | E3: 44490 | F3: GSW | H3: LAC | I3: W 115-113 | J3: * | K3: 1.28125 | L3: 6 | M3: 15 | N3: 0.4 | O3: 3 | P3: 6 | Q3: 0.5 | R3: 3 | S3: 9 | T3: 0.333 | U3: 0.5 | V3: 2 | W3: 2 | X3: 1 | Y3: 3 | Z3: 3 | AA3: 6 | AB3: 3 | AC3: 1 | AD3: 1 | AE3: 2 | AF3: 1 | AG3: 17 | AH3: 13.3 | AI3: -5
A4: Andrew Wiggins | B4: 3 | C4: 528 | D4: 3 | E4: 44493 | F4: GSW | G4: @ | H4: SAC | I4: W 119-107 | J4: * | K4: 1.3 | L4: 6 | M4: 13 | N4: 0.462 | O4: 2 | P4: 5 | Q4: 0.4 | R4: 4 | S4: 8 | T4: 0.5 | U4: 0.538 | V4: 3 | W4: 4 | X4: 0.75 | Y4: 2 | Z4: 2 | AA4: 4 | AB4: 0 | AC4: 0 | AD4: 0 | AE4: 0 | AF4: 1 | AG4: 17 | AH4: 11.5 | AI4: 18
A5: Andrew Wiggins | B5: 4 | C5: 529 | D5: 4 | E5: 44495 | F5: GSW | G5: @ | H5: OKC | I5: W 106-98 | J5: * | K5: 1.2791667 | L5: 9 | M5: 17 | N5: 0.529 | O5: 0 | P5: 5 | Q5: 0 | R5: 9 | S5: 12 | T5: 0.75 | U5: 0.529 | V5: 3 | W5: 5 | X5: 0.6 | Y5: 1 | Z5: 3 | AA5: 4 | AB5: 4 | AC5: 3 | AD5: 1 | AE5: 2 | AF5: 0 | AG5: 21 | AH5: 18 | AI5: 4
A6: Andrew Wiggins | B6: 5 | C6: 530 | D6: 5 | E6: 44497 | F6: GSW | H6: MEM | I6: L 101-104 (OT) | J6: * | K6: 1.5583333 | L6: 7 | M6: 15 | N6: 0.467 | O6: 1 | P6: 4 | Q6: 0.25 | R6: 6 | S6: 11 | T6: 0.545 | U6: 0.5 | V6: 1 | W6: 2 | X6: 0.5 | Y6: 0 | Z6: 4 | AA6: 4 | AB6: 1 | AC6: 1 | AD6: 1 | AE6: 2 | AF6: 1 | AG6: 16 | AH6: 9.1 | AI6: 0
A7: Andrew Wiggins | B7: 6 | C7: 531 | D7: 6 | E7: 44499 | F7: GSW | H7: OKC | I7: W 103-82 | J7: * | K7: 1.0347222 | L7: 5 | M7: 13 | N7: 0.385 | O7: 4 | P7: 5 | Q7: 0.8 | R7: 1 | S7: 8 | T7: 0.125 | U7: 0.538 | V7: 0 | W7: 0 | Y7: 2 | Z7: 0 | AA7: 2 | AB7: 1 | AC7: 1 | AD7: 0 | AE7: 0 | AF7: 1 | AG7: 14 | AH7: 9.6 | AI7: 17
A8: Andrew Wiggins | B8: 7 | C8: 532 | D8: 7 | E8: 44503 | F8: GSW | H8: CHO | I8: W 114-92 | J8: * | K8: 1.1979167 | L8: 4 | M8: 12 | N8: 0.333 | O8: 2 | P8: 6 | Q8: 0.333 | R8: 2 | S8: 6 | T8: 0.333 | U8: 0.417 | V8: 4 | W8: 4 | X8: 1 | Y8: 1 | Z8: 5 | AA8: 6 | AB8: 3 | AC8: 0 | AD8: 0 | AE8: 1 | AF8: 3 | AG8: 14 | AH8: 9.3 | AI8: 9
A9: Andrew Wiggins | B9: 8 | C9: 533 | D9: 8 | E9: 44505 | F9: GSW | H9: NOP | I9: W 126-85 | J9: * | K9: 1.0902778 | L9: 6 | M9: 13 | N9: 0.462 | O9: 1 | P9: 5 | Q9: 0.2 | R9: 5 | S9: 8 | T9: 0.625 | U9: 0.5 | V9: 3 | W9: 4 | X9: 0.75 | Y9: 0 | Z9: 3 | AA9: 3 | AB9: 0 | AC9: 0 | AD9: 0 | AE9: 1 | AF9: 2 | AG9: 16 | AH9: 8 | AI9: 8
A10: Andrew Wiggins | B10: 9 | C10: 534 | D10: 9 | E10: 44507 | F10: GSW | H10: HOU | I10: W 120-107 | J10: * | K10: 1.2416667 | L10: 4 | M10: 11 | N10: 0.364 | O10: 1 | P10: 6 | Q10: 0.167 | R10: 3 | S10: 5 | T10: 0.6 | U10: 0.409 | V10: 7 | W10: 8 | X10: 0.875 | Y10: 1 | Z10: 2 | AA10: 3 | AB10: 2 | AC10: 0 | AD10: 0 | AE10: 3 | AF10: 3 | AG10: 16 | AH10: 8 | AI10: 5
A11: Andrew Wiggins | B11: 10 | C11: 535 | D11: 10 | E11: 44508 | F11: GSW | H11: ATL | I11: W 127-113 | J11: * | K11: 1.0840278 | L11: 5 | M11: 12 | N11: 0.417 | O11: 1 | P11: 4 | Q11: 0.25 | R11: 4 | S11: 8 | T11: 0.5 | U11: 0.458 | V11: 2 | W11: 2 | X11: 1 | Y11: 1 | Z11: 3 | AA11: 4 | AB11: 1 | AC11: 1 | AD11: 0 | AE11: 1 | AF11: 0 | AG11: 13 | AH11: 8.9 | AI11: 3
A12: Andrew Wiggins | B12: 11 | C12: 536 | D12: 11 | E12: 44510 | F12: GSW | H12: MIN | I12: W 123-110 | J12: * | K12: 1.3215278 | L12: 14 | M12: 19 | N12: 0.737 | O12: 3 | P12: 6 | Q12: 0.5 | R12: 11 | S12: 13 | T12: 0.846 | U12: 0.816 | V12: 4 | W12: 4 | X12: 1 | Y12: 1 | Z12: 3 | AA12: 4 | AB12: 0 | AC12: 2 | AD12: 0 | AE12: 4 | AF12: 3 | AG12: 35 | AH12: 25.7 | AI12: 6
A13: Andrew Wiggins | B13: 12 | C13: 537 | D13: 12 | E13: 44512 | F13: GSW | H13: CHI | I13: W 119-93 | J13: * | K13: 1.2222222 | L13: 5 | M13: 15 | N13: 0.333 | O13: 0 | P13: 4 | Q13: 0 | R13: 5 | S13: 11 | T13: 0.455 | U13: 0.333 | V13: 5 | W13: 7 | X13: 0.714 | Y13: 3 | Z13: 4 | AA13: 7 | AB13: 2 | AC13: 2 | AD13: 1 | AE13: 1 | AF13: 1 | AG13: 15 | AH13: 11.7 | AI13: 13
A14: Andrew Wiggins | B14: 13 | C14: 538 | D14: 13 | E14: 44514 | F14: GSW | G14: @ | H14: CHO | I14: L 102-106 | J14: * | K14: 1.3402778 | L14: 12 | M14: 19 | N14: 0.632 | O14: 3 | P14: 7 | Q14: 0.429 | R14: 9 | S14: 12 | T14: 0.75 | U14: 0.711 | V14: 1 | W14: 3 | X14: 0.333 | Y14: 0 | Z14: 6 | AA14: 6 | AB14: 2 | AC14: 0 | AD14: 0 | AE14: 0 | AF14: 1 | AG14: 28 | AH14: 21.5 | AI14: -4
A15: Andrew Wiggins | B15: 14 | C15: 539 | D15: 14 | E15: 44516 | F15: GSW | G15: @ | H15: BRK | I15: W 117-99 | J15: * | K15: 0.92222222 | L15: 7 | M15: 11 | N15: 0.636 | O15: 2 | P15: 3 | Q15: 0.667 | R15: 5 | S15: 8 | T15: 0.625 | U15: 0.727 | V15: 3 | W15: 3 | X15: 1 | Y15: 0 | Z15: 2 | AA15: 2 | AB15: 1 | AC15: 0 | AD15: 1 | AE15: 3 | AF15: 4 | AG15: 19 | AH15: 11.5 | AI15: 10
A16: Andrew Wiggins | B16: 15 | C16: 540 | D16: 15 | E16: 44518 | F16: GSW | G16: @ | H16: CLE | I16: W 104-89 | J16: * | K16: 1.00625 | L16: 5 | M16: 11 | N16: 0.455 | O16: 0 | P16: 5 | Q16: 0 | R16: 5 | S16: 6 | T16: 0.833 | U16: 0.455 | V16: 2 | W16: 2 | X16: 1 | Y16: 0 | Z16: 0 | AA16: 0 | AB16: 2 | AC16: 0 | AD16: 1 | AE16: 3 | AF16: 1 | AG16: 12 | AH16: 5 | AI16: -14
A17: Andrew Wiggins | B17: 16 | C17: 541 | D17: 16 | E17: 44519 | F17: GSW | G17: @ | H17: DET | I17: W 105-102 | J17: * | K17: 1.5215278 | L17: 9 | M17: 19 | N17: 0.474 | O17: 1 | P17: 4 | Q17: 0.25 | R17: 8 | S17: 15 | T17: 0.533 | U17: 0.5 | V17: 8 | W17: 11 | X17: 0.727 | Y17: 1 | Z17: 4 | AA17: 5 | AB17: 1 | AC17: 2 | AD17: 1 | AE17: 4 | AF17: 1 | AG17: 27 | AH17: 17 | AI17: 6
A18: Andrew Wiggins | B18: 17 | C18: 542 | D18: 17 | E18: 44521 | F18: GSW | H18: TOR | I18: W 119-104 | J18: * | K18: 1.3618056 | L18: 12 | M18: 20 | N18: 0.6 | O18: 6 | P18: 8 | Q18: 0.75 | R18: 6 | S18: 12 | T18: 0.5 | U18: 0.75 | V18: 2 | W18: 2 | X18: 1 | Y18: 2 | Z18: 4 | AA18: 6 | AB18: 3 | AC18: 0 | AD18: 1 | AE18: 2 | AF18: 1 | AG18: 32 | AH18: 25.8 | AI18: 30
A19: Andrew Wiggins | B19: 18 | C19: 543 | D19: 18 | E19: 44524 | F19: GSW | H19: PHI | I19: W 116-96 | J19: * | K19: 1.4069444 | L19: 7 | M19: 13 | N19: 0.538 | O19: 2 | P19: 6 | Q19: 0.333 | R19: 5 | S19: 7 | T19: 0.714 | U19: 0.615 | V19: 3 | W19: 7 | X19: 0.429 | Y19: 0 | Z19: 6 | AA19: 6 | AB19: 1 | AC19: 1 | AD19: 1 | AE19: 1 | AF19: 0 | AG19: 19 | AH19: 14.3 | AI19: 25
A20: Andrew Wiggins | B20: 19 | C20: 544 | D20: 19 | E20: 44526 | F20: GSW | H20: POR | I20: W 118-103 | J20: * | K20: 1.4166667 | L20: 10 | M20: 16 | N20: 0.625 | O20: 3 | P20: 5 | Q20: 0.6 | R20: 7 | S20: 11 | T20: 0.636 | U20: 0.719 | V20: 2 | W20: 2 | X20: 1 | Y20: 2 | Z20: 3 | AA20: 5 | AB20: 2 | AC20: 1 | AD20: 0 | AE20: 1 | AF20: 3 | AG20: 25 | AH20: 20.3 | AI20: 21
A21: Andrew Wiggins | B21: 20 | C21: 545 | D21: 20 | E21: 44528 | F21: GSW | G21: @ | H21: LAC | I21: W 105-90 | J21: * | K21: 1.5048611 | L21: 4 | M21: 12 | N21: 0.333 | O21: 2 | P21: 5 | Q21: 0.4 | R21: 2 | S21: 7 | T21: 0.286 | U21: 0.417 | V21: 2 | W21: 6 | X21: 0.333 | Y21: 2 | Z21: 5 | AA21: 7 | AB21: 2 | AC21: 1 | AD21: 2 | AE21: 2 | AF21: 1 | AG21: 12 | AH21: 7.9 | AI21: 8
A22: Andrew Wiggins | B22: 21 | C22: 546 | D22: 21 | E22: 44530 | F22: GSW | G22: @ | H22: PHO | I22: L 96-104 | J22: * | K22: 1.3868056 | L22: 4 | M22: 12 | N22: 0.333 | O22: 0 | P22: 1 | Q22: 0 | R22: 4 | S22: 11 | T22: 0.364 | U22: 0.333 | V22: 2 | W22: 3 | X22: 0.667 | Y22: 1 | Z22: 2 | AA22: 3 | AB22: 2 | AC22: 1 | AD22: 1 | AE22: 1 | AF22: 2 | AG22: 10 | AH22: 5.4 | AI22: -7
A23: Andrew Wiggins | B23: 22 | C23: 547 | D23: 22 | E23: 44533 | F23: GSW | H23: PHO | I23: W 118-96 | J23: * | K23: 1.2451389 | L23: 8 | M23: 16 | N23: 0.5 | O23: 3 | P23: 7 | Q23: 0.429 | R23: 5 | S23: 9 | T23: 0.556 | U23: 0.594 | V23: 0 | W23: 0 | Y23: 1 | Z23: 4 | AA23: 5 | AB23: 2 | AC23: 0 | AD23: 0 | AE23: 2 | AF23: 4 | AG23: 19 | AH23: 10.7 | AI23: 24
A24: Andrew Wiggins | B24: 23 | C24: 548 | D24: 23 | E24: 44534 | F24: GSW | H24: SAS | I24: L 107-112 | J24: * | K24: 1.2881944 | L24: 3 | M24: 9 | N24: 0.333 | O24: 2 | P24: 3 | Q24: 0.667 | R24: 1 | S24: 6 | T24: 0.167 | U24: 0.444 | V24: 3 | W24: 4 | X24: 0.75 | Y24: 2 | Z24: 2 | AA24: 4 | AB24: 1 | AC24: 0 | AD24: 1 | AE24: 1 | AF24: 0 | AG24: 11 | AH24: 7.9 | AI24: -23
A25: Andrew Wiggins | B25: 24 | C25: 549 | D25: 24 | E25: 44536 | F25: GSW | H25: ORL | I25: W 126-95 | J25: * | K25: 1.2479167 | L25: 9 | M25: 17 | N25: 0.529 | O25: 8 | P25: 10 | Q25: 0.8 | R25: 1 | S25: 7 | T25: 0.143 | U25: 0.765 | V25: 2 | W25: 4 | X25: 0.5 | Y25: 1 | Z25: 2 | AA25: 3 | AB25: 3 | AC25: 1 | AD25: 0 | AE25: 1 | AF25: 2 | AG25: 28 | AH25: 21.5 | AI25: 18
A26: Andrew Wiggins | B26: 25 | C26: 550 | D26: 25 | E26: 44538 | F26: GSW | H26: POR | I26: W 104-94 | J26: * | K26: 1.3673611 | L26: 4 | M26: 9 | N26: 0.444 | O26: 2 | P26: 5 | Q26: 0.4 | R26: 2 | S26: 4 | T26: 0.5 | U26: 0.556 | V26: 4 | W26: 4 | X26: 1 | Y26: 1 | Z26: 3 | AA26: 4 | AB26: 2 | AC26: 1 | AD26: 0 | AE26: 0 | AF26: 2 | AG26: 14 | AH26: 12.5 | AI26: 2
A27: Andrew Wiggins | B27: 26 | C27: 551 | D27: 26 | E27: 44541 | F27: GSW | G27: @ | H27: PHI | I27: L 93-102 | J27: * | K27: 1.5263889 | L27: 8 | M27: 14 | N27: 0.571 | O27: 3 | P27: 8 | Q27: 0.375 | R27: 5 | S27: 6 | T27: 0.833 | U27: 0.679 | V27: 1 | W27: 3 | X27: 0.333 | Y27: 1 | Z27: 3 | AA27: 4 | AB27: 4 | AC27: 1 | AD27: 1 | AE27: 2 | AF27: 2 | AG27: 20 | AH27: 15.9 | AI27: 4
A28: Andrew Wiggins | B28: 27 | C28: 552 | D28: 27 | E28: 44543 | F28: GSW | G28: @ | H28: IND | I28: W 102-100 | J28: * | K28: 1.4208333 | L28: 7 | M28: 15 | N28: 0.467 | O28: 0 | P28: 3 | Q28: 0 | R28: 7 | S28: 12 | T28: 0.583 | U28: 0.467 | V28: 1 | W28: 1 | X28: 1 | Y28: 2 | Z28: 3 | AA28: 5 | AB28: 1 | AC28: 1 | AD28: 3 | AE28: 2 | AF28: 4 | AG28: 15 | AH28: 9.8 | AI28: -6
A29: Andrew Wiggins | B29: 28 | C29: 553 | D29: 28 | E29: 44544 | F29: GSW | G29: @ | H29: NYK | I29: W 105-96 | J29: * | K29: 1.4034722 | L29: 6 | M29: 13 | N29: 0.462 | O29: 3 | P29: 6 | Q29: 0.5 | R29: 3 | S29: 7 | T29: 0.429 | U29: 0.577 | V29: 3 | W29: 6 | X29: 0.5 | Y29: 1 | Z29: 5 | AA29: 6 | AB29: 3 | AC29: 0 | AD29: 0 | AE29: 2 | AF29: 1 | AG29: 18 | AH29: 12 | AI29: 4
A30: Andrew Wiggins | B30: 29 | C30: 554 | D30: 29 | E30: 44547 | F30: GSW | G30: @ | H30: BOS | I30: W 111-107 | J30: * | K30: 1.5027778 | L30: 11 | M30: 20 | N30: 0.55 | O30: 5 | P30: 7 | Q30: 0.714 | R30: 6 | S30: 13 | T30: 0.462 | U30: 0.675 | V30: 0 | W30: 0 | Y30: 3 | Z30: 3 | AA30: 6 | AB30: 2 | AC30: 1 | AD30: 1 | AE30: 0 | AF30: 4 | AG30: 27 | AH30: 21.9 | AI30: 13
A31: Andrew Wiggins | B31: 29 | D31: 30 | E31: 44548 | F31: GSW | G31: @ | H31: TOR | I31: L 100-119 | J31: Not With Team | K31: Not With Team | L31: Not With Team | M31: Not With Team | N31: Not With Team | O31: Not With Team | P31: Not With Team | Q31: Not With Team | R31: Not With Team | S31: Not With Team | T31: Not With Team | U31: Not With Team | V31: Not With Team | W31: Not With Team | X31: Not With Team | Y31: Not With Team | Z31: Not With Team | AA31: Not With Team | AB31: Not With Team | AC31: Not With Team | AD31: Not With Team | AE31: Not With Team | AF31: Not With Team | AG31: Not With Team | AH31: Not With Team | AI31: Not With Team
A32: Andrew Wiggins | B32: 29 | D32: 31 | E32: 44550 | F32: GSW | H32: SAC | I32: W 113-98 | J32: Inactive | K32: Inactive | L32: Inactive | M32: Inactive | N32: Inactive | O32: Inactive | P32: Inactive | Q32: Inactive | R32: Inactive | S32: Inactive | T32: Inactive | U32: Inactive | V32: Inactive | W32: Inactive | X32: Inactive | Y32: Inactive | Z32: Inactive | AA32: Inactive | AB32: Inactive | AC32: Inactive | AD32: Inactive | AE32: Inactive | AF32: Inactive | AG32: Inactive | AH32: Inactive | AI32: Inactive
A33: Andrew Wiggins | B33: 29 | D33: 32 | E33: 44553 | F33: GSW | H33: MEM | I33: W 113-104 | J33: Inactive | K33: Inactive | L33: Inactive | M33: Inactive | N33: Inactive | O33: Inactive | P33: Inactive | Q33: Inactive | R33: Inactive | S33: Inactive | T33: Inactive | U33: Inactive | V33: Inactive | W33: Inactive | X33: Inactive | Y33: Inactive | Z33: Inactive | AA33: Inactive | AB33: Inactive | AC33: Inactive | AD33: Inactive | AE33: Inactive | AF33: Inactive | AG33: Inactive | AH33: Inactive | AI33: Inactive
A34: Andrew Wiggins | B34: 29 | D34: 33 | E34: 44555 | F34: GSW | G34: @ | H34: PHO | I34: W 116-107 | J34: Inactive | K34: Inactive | L34: Inactive | M34: Inactive | N34: Inactive | O34: Inactive | P34: Inactive | Q34: Inactive | R34: Inactive | S34: Inactive | T34: Inactive | U34: Inactive | V34: Inactive | W34: Inactive | X34: Inactive | Y34: Inactive | Z34: Inactive | AA34: Inactive | AB34: Inactive | AC34: Inactive | AD34: Inactive | AE34: Inactive | AF34: Inactive | AG34: Inactive | AH34: Inactive | AI34: Inactive
A35: Andrew Wiggins | B35: 30 | C35: 555 | D35: 34 | E35: 44558 | F35: GSW | H35: DEN | I35: L 86-89 | J35: * | K35: 1.3326389 | L35: 8 | M35: 20 | N35: 0.4 | O35: 3 | P35: 6 | Q35: 0.5 | R35: 5 | S35: 14 | T35: 0.357 | U35: 0.475 | V35: 2 | W35: 3 | X35: 0.667 | Y35: 3 | Z35: 5 | AA35: 8 | AB35: 1 | AC35: 2 | AD35: 1 | AE35: 2 | AF35: 2 | AG35: 21 | AH35: 14 | AI35: 1
A36: Andrew Wiggins | B36: 31 | C36: 556 | D36: 35 | E36: 44562 | F36: GSW | G36: @ | H36: UTA | I36: W 123-116 | J36: * | K36: 1.5875 | L36: 9 | M36: 19 | N36: 0.474 | O36: 4 | P36: 6 | Q36: 0.667 | R36: 5 | S36: 13 | T36: 0.385 | U36: 0.579 | V36: 3 | W36: 7 | X36: 0.429 | Y36: 0 | Z36: 0 | AA36: 0 | AB36: 4 | AC36: 2 | AD36: 0 | AE36: 3 | AF36: 1 | AG36: 25 | AH36: 15.1 | AI36: 4
A37: Andrew Wiggins | B37: 32 | C37: 557 | D37: 36 | E37: 44564 | F37: GSW | H37: MIA | I37: W 115-108 | J37: * | K37: 1.4215278 | L37: 8 | M37: 13 | N37: 0.615 | O37: 2 | P37: 4 | Q37: 0.5 | R37: 6 | S37: 9 | T37: 0.667 | U37: 0.692 | V37: 4 | W37: 4 | X37: 1 | Y37: 0 | Z37: 6 | AA37: 6 | AB37: 4 | AC37: 2 | AD37: 0 | AE37: 3 | AF37: 1 | AG37: 22 | AH37: 19.3 | AI37: 13
A38: Andrew Wiggins | B38: 33 | C38: 558 | D38: 37 | E38: 44566 | F38: GSW | G38: @ | H38: DAL | I38: L 82-99 | J38: * | K38: 1.3541667 | L38: 7 | M38: 13 | N38: 0.538 | O38: 2 | P38: 5 | Q38: 0.4 | R38: 5 | S38: 8 | T38: 0.625 | U38: 0.615 | V38: 1 | W38: 4 | X38: 0.25 | Y38: 2 | Z38: 1 | AA38: 3 | AB38: 2 | AC38: 2 | AD38: 1 | AE38: 0 | AF38: 1 | AG38: 17 | AH38: 14.9 | AI38: -9
A39: Andrew Wiggins | B39: 34 | C39: 559 | D39: 38 | E39: 44567 | F39: GSW | G39: @ | H39: NOP | I39: L 96-101 | J39: * | K39: 1.3305556 | L39: 7 | M39: 17 | N39: 0.412 | O39: 1 | P39: 6 | Q39: 0.167 | R39: 6 | S39: 11 | T39: 0.545 | U39: 0.441 | V39: 6 | W39: 7 | X39: 0.857 | Y39: 0 | Z39: 4 | AA39: 4 | AB39: 1 | AC39: 2 | AD39: 1 | AE39: 2 | AF39: 3 | AG39: 21 | AH39: 12.9 | AI39: -8
A40: Andrew Wiggins | B40: 35 | C40: 560 | D40: 39 | E40: 44570 | F40: GSW | H40: CLE | I40: W 96-82 | J40: * | K40: 1.4152778 | L40: 3 | M40: 9 | N40: 0.333 | O40: 0 | P40: 3 | Q40: 0 | R40: 3 | S40: 6 | T40: 0.5 | U40: 0.333 | V40: 4 | W40: 4 | X40: 1 | Y40: 0 | Z40: 2 | AA40: 2 | AB40: 1 | AC40: 1 | AD40: 0 | AE40: 0 | AF40: 1 | AG40: 10 | AH40: 6.8 | AI40: 16
A41: Andrew Wiggins | B41: 36 | C41: 561 | D41: 40 | E41: 44572 | F41: GSW | G41: @ | H41: MEM | I41: L 108-116 | J41: * | K41: 1.3979167 | L41: 5 | M41: 12 | N41: 0.417 | O41: 3 | P41: 6 | Q41: 0.5 | R41: 2 | S41: 6 | T41: 0.333 | U41: 0.542 | V41: 0 | W41: 0 | Y41: 0 | Z41: 4 | AA41: 4 | AB41: 2 | AC41: 0 | AD41: 0 | AE41: 4 | AF41: 3 | AG41: 13 | AH41: 4 | AI41: -4
A42: Andrew Wiggins | B42: 37 | C42: 562 | D42: 41 | E42: 44574 | F42: GSW | G42: @ | H42: MIL | I42: L 99-118 | J42: * | K42: 1.1513889 | L42: 6 | M42: 11 | N42: 0.545 | O42: 2 | P42: 5 | Q42: 0.4 | R42: 4 | S42: 6 | T42: 0.667 | U42: 0.636 | V42: 2 | W42: 2 | X42: 1 | Y42: 0 | Z42: 2 | AA42: 2 | AB42: 1 | AC42: 0 | AD42: 1 | AE42: 2 | AF42: 1 | AG42: 16 | AH42: 10.3 | AI42: -15
A43: Andrew Wiggins | B43: 38 | C43: 563 | D43: 42 | E43: 44575 | F43: GSW | G43: @ | H43: CHI | I43: W 138-96 | J43: * | K43: 1.1520833 | L43: 8 | M43: 11 | N43: 0.727 | O43: 3 | P43: 5 | Q43: 0.6 | R43: 5 | S43: 6 | T43: 0.833 | U43: 0.864 | V43: 2 | W43: 4 | X43: 0.5 | Y43: 0 | Z43: 4 | AA43: 4 | AB43: 6 | AC43: 0 | AD43: 0 | AE43: 0 | AF43: 2 | AG43: 21 | AH43: 20.3 | AI43: 18
A44: Andrew Wiggins | B44: 39 | C44: 564 | D44: 43 | E44: 44577 | F44: GSW | G44: @ | H44: MIN | I44: L 99-119 | J44: * | K44: 1.2083333 | L44: 4 | M44: 11 | N44: 0.364 | O44: 2 | P44: 6 | Q44: 0.333 | R44: 2 | S44: 5 | T44: 0.4 | U44: 0.455 | V44: 2 | W44: 4 | X44: 0.5 | Y44: 0 | Z44: 2 | AA44: 2 | AB44: 4 | AC44: 0 | AD44: 1 | AE44: 1 | AF44: 1 | AG44: 12 | AH44: 7.8 | AI44: -9
A45: Andrew Wiggins | B45: 40 | C45: 565 | D45: 44 | E45: 44579 | F45: GSW | H45: DET | I45: W 102-86 | J45: * | K45: 1.1513889 | L45: 8 | M45: 13 | N45: 0.615 | O45: 3 | P45: 7 | Q45: 0.429 | R45: 5 | S45: 6 | T45: 0.833 | U45: 0.731 | V45: 0 | W45: 2 | X45: 0 | Y45: 2 | Z45: 1 | AA45: 3 | AB45: 1 | AC45: 3 | AD45: 1 | AE45: 1 | AF45: 3 | AG45: 19 | AH45: 16.2 | AI45: 20
A46: Andrew Wiggins | B46: 41 | C46: 566 | D46: 45 | E46: 44581 | F46: GSW | H46: IND | I46: L 117-121 (OT) | J46: * | K46: 1.5847222 | L46: 5 | M46: 15 | N46: 0.333 | O46: 1 | P46: 6 | Q46: 0.167 | R46: 4 | S46: 9 | T46: 0.444 | U46: 0.367 | V46: 0 | W46: 1 | X46: 0 | Y46: 2 | Z46: 2 | AA46: 4 | AB46: 2 | AC46: 1 | AD46: 1 | AE46: 2 | AF46: 5 | AG46: 11 | AH46: 3.2 | AI46: -10
A47: Andrew Wiggins | B47: 42 | C47: 567 | D47: 46 | E47: 44582 | F47: GSW | H47: HOU | I47: W 105-103 | J47: * | K47: 1.45 | L47: 7 | M47: 16 | N47: 0.438 | O47: 2 | P47: 6 | Q47: 0.333 | R47: 5 | S47: 10 | T47: 0.5 | U47: 0.5 | V47: 1 | W47: 4 | X47: 0.25 | Y47: 0 | Z47: 2 | AA47: 2 | AB47: 4 | AC47: 0 | AD47: 0 | AE47: 0 | AF47: 1 | AG47: 17 | AH47: 10.4 | AI47: 5
A48: Andrew Wiggins | B48: 43 | C48: 568 | D48: 47 | E48: 44584 | F48: GSW | H48: UTA | I48: W 94-92 | J48: * | K48: 1.45625 | L48: 6 | M48: 17 | N48: 0.353 | O48: 1 | P48: 5 | Q48: 0.2 | R48: 5 | S48: 12 | T48: 0.417 | U48: 0.382 | V48: 1 | W48: 2 | X48: 0.5 | Y48: 1 | Z48: 4 | AA48: 5 | AB48: 1 | AC48: 2 | AD48: 1 | AE48: 1 | AF48: 3 | AG48: 14 | AH48: 7.2 | AI48: 10
A49: Andrew Wiggins | B49: 44 | C49: 569 | D49: 48 | E49: 44586 | F49: GSW | H49: DAL | I49: W 130-92 | J49: * | K49: 1.0729167 | L49: 5 | M49: 11 | N49: 0.455 | O49: 1 | P49: 5 | Q49: 0.2 | R49: 4 | S49: 6 | T49: 0.667 | U49: 0.5 | V49: 3 | W49: 4 | X49: 0.75 | Y49: 2 | Z49: 3 | AA49: 5 | AB49: 3 | AC49: 1 | AD49: 0 | AE49: 2 | AF49: 2 | AG49: 14 | AH49: 10.5 | AI49: 15
A50: Andrew Wiggins | B50: 45 | C50: 570 | D50: 49 | E50: 44588 | F50: GSW | H50: MIN | I50: W 124-115 | J50: * | K50: 1.4979167 | L50: 7 | M50: 12 | N50: 0.583 | O50: 5 | P50: 8 | Q50: 0.625 | R50: 2 | S50: 4 | T50: 0.5 | U50: 0.792 | V50: 0 | W50: 2 | X50: 0 | Y50: 0 | Z50: 5 | AA50: 5 | AB50: 4 | AC50: 1 | AD50: 2 | AE50: 0 | AF50: 1 | AG50: 19 | AH50: 18.9 | AI50: 16
A51: Andrew Wiggins | B51: 46 | C51: 571 | D51: 50 | E51: 44590 | F51: GSW | H51: BRK | I51: W 110-106 | J51: * | K51: 1.5493056 | L51: 10 | M51: 18 | N51: 0.556 | O51: 4 | P51: 8 | Q51: 0.5 | R51: 6 | S51: 10 | T51: 0.6 | U51: 0.667 | V51: 0 | W51: 0 | Y51: 1 | Z51: 7 | AA51: 8 | AB51: 2 | AC51: 3 | AD51: 2 | AE51: 0 | AF51: 3 | AG51: 24 | AH51: 22.8 | AI51: 14
A52: Andrew Wiggins | B52: 47 | C52: 572 | D52: 51 | E52: 44592 | F52: GSW | G52: @ | H52: HOU | I52: W 122-108 | J52: * | K52: 1.4027778 | L52: 8 | M52: 14 | N52: 0.571 | O52: 3 | P52: 6 | Q52: 0.5 | R52: 5 | S52: 8 | T52: 0.625 | U52: 0.679 | V52: 4 | W52: 4 | X52: 1 | Y52: 1 | Z52: 4 | AA52: 5 | AB52: 3 | AC52: 2 | AD52: 2 | AE52: 1 | AF52: 3 | AG52: 23 | AH52: 21.6 | AI52: 17
A53: Andrew Wiggins | B53: 47 | D53: 52 | E53: 44593 | F53: GSW | G53: @ | H53: SAS | I53: W 124-120 | J53: Inactive | K53: Inactive | L53: Inactive | M53: Inactive | N53: Inactive | O53: Inactive | P53: Inactive | Q53: Inactive | R53: Inactive | S53: Inactive | T53: Inactive | U53: Inactive | V53: Inactive | W53: Inactive | X53: Inactive | Y53: Inactive | Z53: Inactive | AA53: Inactive | AB53: Inactive | AC53: Inactive | AD53: Inactive | AE53: Inactive | AF53: Inactive | AG53: Inactive | AH53: Inactive | AI53: Inactive
A54: Andrew Wiggins | B54: 48 | C54: 573 | D54: 53 | E54: 44595 | F54: GSW | H54: SAC | I54: W 126-114 | J54: * | K54: 1.1555556 | L54: 5 | M54: 12 | N54: 0.417 | O54: 2 | P54: 4 | Q54: 0.5 | R54: 3 | S54: 8 | T54: 0.375 | U54: 0.5 | V54: 0 | W54: 0 | Y54: 0 | Z54: 1 | AA54: 1 | AB54: 4 | AC54: 0 | AD54: 0 | AE54: 1 | AF54: 2 | AG54: 12 | AH54: 6.9 | AI54: -1
A55: Andrew Wiggins | B55: 49 | C55: 574 | D55: 54 | E55: 44599 | F55: GSW | G55: @ | H55: OKC | I55: W 110-98 | J55: * | K55: 1.4694444 | L55: 6 | M55: 15 | N55: 0.4 | O55: 3 | P55: 9 | Q55: 0.333 | R55: 3 | S55: 6 | T55: 0.5 | U55: 0.5 | V55: 0 | W55: 0 | Y55: 0 | Z55: 5 | AA55: 5 | AB55: 0 | AC55: 1 | AD55: 1 | AE55: 3 | AF55: 3 | AG55: 15 | AH55: 5.9 | AI55: 6
A56: Andrew Wiggins | B56: 50 | C56: 575 | D56: 55 | E56: 44601 | F56: GSW | G56: @ | H56: UTA | I56: L 85-111 | J56: * | K56: 1.1555556 | L56: 5 | M56: 11 | N56: 0.455 | O56: 2 | P56: 5 | Q56: 0.4 | R56: 3 | S56: 6 | T56: 0.5 | U56: 0.545 | V56: 1 | W56: 2 | X56: 0.5 | Y56: 0 | Z56: 3 | AA56: 3 | AB56: 4 | AC56: 2 | AD56: 1 | AE56: 2 | AF56: 2 | AG56: 13 | AH56: 10.5 | AI56: -9
A57: Andrew Wiggins | B57: 51 | C57: 576 | D57: 56 | E57: 44602 | F57: GSW | H57: NYK | I57: L 114-116 | J57: * | K57: 1.4854167 | L57: 6 | M57: 13 | N57: 0.462 | O57: 2 | P57: 4 | Q57: 0.5 | R57: 4 | S57: 9 | T57: 0.444 | U57: 0.538 | V57: 1 | W57: 1 | X57: 1 | Y57: 3 | Z57: 4 | AA57: 7 | AB57: 4 | AC57: 1 | AD57: 1 | AE57: 0 | AF57: 2 | AG57: 15 | AH57: 15.3 | AI57: -5
A58: Andrew Wiggins | B58: 52 | C58: 577 | D58: 57 | E58: 44604 | F58: GSW | H58: LAL | I58: W 117-115 | J58: * | K58: 1.3701389 | L58: 7 | M58: 15 | N58: 0.467 | O58: 3 | P58: 7 | Q58: 0.429 | R58: 4 | S58: 8 | T58: 0.5 | U58: 0.567 | V58: 2 | W58: 5 | X58: 0.4 | Y58: 0 | Z58: 4 | AA58: 4 | AB58: 1 | AC58: 1 | AD58: 1 | AE58: 0 | AF58: 3 | AG58: 19 | AH58: 12.5 | AI58: 7
A59: Andrew Wiggins | B59: 53 | C59: 578 | D59: 58 | E59: 44606 | F59: GSW | G59: @ | H59: LAC | I59: L 104-119 | J59: * | K59: 1.1555556 | L59: 5 | M59: 10 | N59: 0.5 | O59: 2 | P59: 4 | Q59: 0.5 | R59: 3 | S59: 6 | T59: 0.5 | U59: 0.6 | V59: 1 | W59: 2 | X59: 0.5 | Y59: 1 | Z59: 1 | AA59: 2 | AB59: 1 | AC59: 0 | AD59: 1 | AE59: 1 | AF59: 1 | AG59: 13 | AH59: 8.6 | AI59: -12
A60: Andrew Wiggins | B60: 54 | C60: 579 | D60: 59 | E60: 44608 | F60: GSW | H60: DEN | I60: L 116-117 | J60: * | K60: 1.5118056 | L60: 4 | M60: 12 | N60: 0.333 | O60: 1 | P60: 5 | Q60: 0.2 | R60: 3 | S60: 7 | T60: 0.429 | U60: 0.375 | V60: 0 | W60: 0 | Y60: 1 | Z60: 3 | AA60: 4 | AB60: 4 | AC60: 2 | AD60: 1 | AE60: 2 | AF60: 0 | AG60: 9 | AH60: 7.3 | AI60: -1
A61: Andrew Wiggins | B61: 55 | C61: 580 | D61: 60 | E61: 44616 | F61: GSW | G61: @ | H61: POR | I61: W 132-95 | J61: * | K61: 1.06875 | L61: 4 | M61: 13 | N61: 0.308 | O61: 2 | P61: 8 | Q61: 0.25 | R61: 2 | S61: 5 | T61: 0.4 | U61: 0.385 | V61: 0 | W61: 2 | X61: 0 | Y61: 1 | Z61: 2 | AA61: 3 | AB61: 1 | AC61: 2 | AD61: 1 | AE61: 0 | AF61: 3 | AG61: 10 | AH61: 5.2 | AI61: 3
A62: Andrew Wiggins | B62: 56 | C62: 581 | D62: 61 | E62: 44619 | F62: GSW | H62: DAL | I62: L 101-107 | J62: * | K62: 1.4152778 | L62: 7 | M62: 16 | N62: 0.438 | O62: 2 | P62: 6 | Q62: 0.333 | R62: 5 | S62: 10 | T62: 0.5 | U62: 0.5 | V62: 2 | W62: 5 | X62: 0.4 | Y62: 1 | Z62: 1 | AA62: 2 | AB62: 2 | AC62: 2 | AD62: 0 | AE62: 0 | AF62: 6 | AG62: 18 | AH62: 10.4 | AI62: 0
A63: Andrew Wiggins | B63: 57 | C63: 582 | D63: 62 | E63: 44621 | F63: GSW | G63: @ | H63: MIN | I63: L 114-129 | J63: * | K63: 1.2631944 | L63: 5 | M63: 13 | N63: 0.385 | O63: 2 | P63: 6 | Q63: 0.333 | R63: 3 | S63: 7 | T63: 0.429 | U63: 0.462 | V63: 0 | W63: 0 | Y63: 1 | Z63: 6 | AA63: 7 | AB63: 4 | AC63: 1 | AD63: 2 | AE63: 3 | AF63: 4 | AG63: 12 | AH63: 8 | AI63: -13
A64: Andrew Wiggins | B64: 58 | C64: 583 | D64: 63 | E64: 44623 | F64: GSW | G64: @ | H64: DAL | I64: L 113-122 | J64: * | K64: 1.5430556 | L64: 7 | M64: 17 | N64: 0.412 | O64: 1 | P64: 3 | Q64: 0.333 | R64: 6 | S64: 14 | T64: 0.429 | U64: 0.441 | V64: 2 | W64: 4 | X64: 0.5 | Y64: 3 | Z64: 2 | AA64: 5 | AB64: 5 | AC64: 2 | AD64: 1 | AE64: 3 | AF64: 3 | AG64: 17 | AH64: 11.8 | AI64: -5
A65: Andrew Wiggins | B65: 59 | C65: 584 | D65: 64 | E65: 44625 | F65: GSW | G65: @ | H65: LAL | I65: L 116-124 | J65: * | K65: 1.3361111 | L65: 6 | M65: 15 | N65: 0.4 | O65: 2 | P65: 4 | Q65: 0.5 | R65: 4 | S65: 11 | T65: 0.364 | U65: 0.467 | V65: 0 | W65: 2 | X65: 0 | Y65: 2 | Z65: 3 | AA65: 5 | AB65: 4 | AC65: 3 | AD65: 0 | AE65: 1 | AF65: 5 | AG65: 14 | AH65: 10.2 | AI65: -12
A66: Andrew Wiggins | B66: 59 | D66: 65 | E66: 44627 | F66: GSW | G66: @ | H66: DEN | I66: L 124-131 | J66: Inactive | K66: Inactive | L66: Inactive | M66: Inactive | N66: Inactive | O66: Inactive | P66: Inactive | Q66: Inactive | R66: Inactive | S66: Inactive | T66: Inactive | U66: Inactive | V66: Inactive | W66: Inactive | X66: Inactive | Y66: Inactive | Z66: Inactive | AA66: Inactive | AB66: Inactive | AC66: Inactive | AD66: Inactive | AE66: Inactive | AF66: Inactive | AG66: Inactive | AH66: Inactive | AI66: Inactive
A67: Andrew Wiggins | B67: 60 | C67: 585 | D67: 66 | E67: 44628 | F67: GSW | H67: LAC | I67: W 112-97 | J67: * | K67: 1.2979167 | L67: 6 | M67: 14 | N67: 0.429 | O67: 2 | P67: 5 | Q67: 0.4 | R67: 4 | S67: 9 | T67: 0.444 | U67: 0.5 | V67: 0 | W67: 0 | Y67: 2 | Z67: 9 | AA67: 11 | AB67: 3 | AC67: 0 | AD67: 3 | AE67: 5 | AF67: 3 | AG67: 14 | AH67: 8.7 | AI67: 14
A68: Andrew Wiggins | B68: 61 | C68: 586 | D68: 67 | E68: 44630 | F68: GSW | G68: @ | H68: DEN | I68: W 113-102 | J68: * | K68: 1.4131944 | L68: 3 | M68: 11 | N68: 0.273 | O68: 1 | P68: 7 | Q68: 0.143 | R68: 2 | S68: 4 | T68: 0.5 | U68: 0.318 | V68: 0 | W68: 3 | X68: 0 | Y68: 0 | Z68: 4 | AA68: 4 | AB68: 5 | AC68: 3 | AD68: 0 | AE68: 1 | AF68: 4 | AG68: 7 | AH68: 4.4 | AI68: 1
A69: Andrew Wiggins | B69: 62 | C69: 587 | D69: 68 | E69: 44632 | F69: GSW | H69: MIL | I69: W 122-109 | J69: * | K69: 1.4951389 | L69: 8 | M69: 16 | N69: 0.5 | O69: 3 | P69: 8 | Q69: 0.375 | R69: 5 | S69: 8 | T69: 0.625 | U69: 0.594 | V69: 2 | W69: 2 | X69: 1 | Y69: 4 | Z69: 3 | AA69: 7 | AB69: 4 | AC69: 0 | AD69: 2 | AE69: 1 | AF69: 2 | AG69: 21 | AH69: 19.1 | AI69: 14
A70: Andrew Wiggins | B70: 62 | D70: 69 | E70: 44634 | F70: GSW | H70: WAS | I70: W 126-112 | J70: Inactive | K70: Inactive | L70: Inactive | M70: Inactive | N70: Inactive | O70: Inactive | P70: Inactive | Q70: Inactive | R70: Inactive | S70: Inactive | T70: Inactive | U70: Inactive | V70: Inactive | W70: Inactive | X70: Inactive | Y70: Inactive | Z70: Inactive | AA70: Inactive | AB70: Inactive | AC70: Inactive | AD70: Inactive | AE70: Inactive | AF70: Inactive | AG70: Inactive | AH70: Inactive | AI70: Inactive
A71: Andrew Wiggins | B71: 62 | D71: 70 | E71: 44636 | F71: GSW | H71: BOS | I71: L 88-110 | J71: Inactive | K71: Inactive | L71: Inactive | M71: Inactive | N71: Inactive | O71: Inactive | P71: Inactive | Q71: Inactive | R71: Inactive | S71: Inactive | T71: Inactive | U71: Inactive | V71: Inactive | W71: Inactive | X71: Inactive | Y71: Inactive | Z71: Inactive | AA71: Inactive | AB71: Inactive | AC71: Inactive | AD71: Inactive | AE71: Inactive | AF71: Inactive | AG71: Inactive | AH71: Inactive | AI71: Inactive
A72: Andrew Wiggins | B72: 63 | C72: 588 | D72: 71 | E72: 44640 | F72: GSW | H72: SAS | I72: L 108-110 | J72: * | K72: 1.3777778 | L72: 5 | M72: 13 | N72: 0.385 | O72: 0 | P72: 3 | Q72: 0 | R72: 5 | S72: 10 | T72: 0.5 | U72: 0.385 | V72: 6 | W72: 9 | X72: 0.667 | Y72: 3 | Z72: 5 | AA72: 8 | AB72: 2 | AC72: 2 | AD72: 0 | AE72: 1 | AF72: 0 | AG72: 16 | AH72: 13.7 | AI72: 1
A73: Andrew Wiggins | B73: 64 | C73: 589 | D73: 72 | E73: 44642 | F73: GSW | G73: @ | H73: ORL | I73: L 90-94 | J73: * | K73: 1.5034722 | L73: 5 | M73: 19 | N73: 0.263 | O73: 2 | P73: 6 | Q73: 0.333 | R73: 3 | S73: 13 | T73: 0.231 | U73: 0.316 | V73: 1 | W73: 2 | X73: 0.5 | Y73: 3 | Z73: 5 | AA73: 8 | AB73: 0 | AC73: 1 | AD73: 0 | AE73: 1 | AF73: 3 | AG73: 13 | AH73: 3.7 | AI73: -7
A74: Andrew Wiggins | B74: 65 | C74: 590 | D74: 73 | E74: 44643 | F74: GSW | G74: @ | H74: MIA | I74: W 118-104 | J74: * | K74: 1.5534722 | L74: 8 | M74: 16 | N74: 0.5 | O74: 3 | P74: 7 | Q74: 0.429 | R74: 5 | S74: 9 | T74: 0.556 | U74: 0.594 | V74: 3 | W74: 3 | X74: 1 | Y74: 0 | Z74: 3 | AA74: 3 | AB74: 1 | AC74: 1 | AD74: 1 | AE74: 1 | AF74: 1 | AG74: 22 | AH74: 15.9 | AI74: 10
A75: Andrew Wiggins | B75: 66 | C75: 591 | D75: 74 | E75: 44645 | F75: GSW | G75: @ | H75: ATL | I75: L 110-121 | J75: * | K75: 0.92013889 | L75: 4 | M75: 9 | N75: 0.444 | O75: 1 | P75: 4 | Q75: 0.25 | R75: 3 | S75: 5 | T75: 0.6 | U75: 0.5 | V75: 0 | W75: 0 | Y75: 0 | Z75: 4 | AA75: 4 | AB75: 2 | AC75: 0 | AD75: 0 | AE75: 0 | AF75: 2 | AG75: 9 | AH75: 6.1 | AI75: -14
A76: Andrew Wiggins | B76: 67 | C76: 592 | D76: 75 | E76: 44647 | F76: GSW | G76: @ | H76: WAS | I76: L 115-123 | J76: * | K76: 1.4486111 | L76: 8 | M76: 14 | N76: 0.571 | O76: 0 | P76: 3 | Q76: 0 | R76: 8 | S76: 11 | T76: 0.727 | U76: 0.571 | V76: 7 | W76: 10 | X76: 0.7 | Y76: 1 | Z76: 1 | AA76: 2 | AB76: 0 | AC76: 1 | AD76: 0 | AE76: 3 | AF76: 4 | AG76: 23 | AH76: 12.6 | AI76: -2
A77: Andrew Wiggins | B77: 68 | C77: 593 | D77: 76 | E77: 44648 | F77: GSW | G77: @ | H77: MEM | I77: L 95-123 | J77: * | K77: 1.2194444 | L77: 5 | M77: 15 | N77: 0.333 | O77: 0 | P77: 5 | Q77: 0 | R77: 5 | S77: 10 | T77: 0.5 | U77: 0.333 | V77: 0 | W77: 0 | Y77: 2 | Z77: 4 | AA77: 6 | AB77: 2 | AC77: 1 | AD77: 0 | AE77: 3 | AF77: 2 | AG77: 10 | AH77: 2.7 | AI77: -19
A78: Andrew Wiggins | B78: 69 | C78: 594 | D78: 77 | E78: 44650 | F78: GSW | H78: PHO | I78: L 103-107 | J78: * | K78: 1.3618056 | L78: 6 | M78: 16 | N78: 0.375 | O78: 2 | P78: 6 | Q78: 0.333 | R78: 4 | S78: 10 | T78: 0.4 | U78: 0.438 | V78: 5 | W78: 8 | X78: 0.625 | Y78: 4 | Z78: 4 | AA78: 8 | AB78: 1 | AC78: 0 | AD78: 1 | AE78: 3 | AF78: 2 | AG78: 19 | AH78: 10.6 | AI78: -7
A79: Andrew Wiggins | B79: 70 | C79: 595 | D79: 78 | E79: 44653 | F79: GSW | H79: UTA | I79: W 111-107 | J79: * | K79: 1.3736111 | L79: 7 | M79: 10 | N79: 0.7 | O79: 3 | P79: 4 | Q79: 0.75 | R79: 4 | S79: 6 | T79: 0.667 | U79: 0.85 | V79: 0 | W79: 0 | Y79: 1 | Z79: 1 | AA79: 2 | AB79: 3 | AC79: 2 | AD79: 1 | AE79: 2 | AF79: 4 | AG79: 17 | AH79: 15 | AI79: 26
A80: Andrew Wiggins | B80: 71 | C80: 596 | D80: 79 | E80: 44654 | F80: GSW | G80: @ | H80: SAC | I80: W 109-90 | J80: * | K80: 1.5006944 | L80: 8 | M80: 16 | N80: 0.5 | O80: 4 | P80: 7 | Q80: 0.571 | R80: 4 | S80: 9 | T80: 0.444 | U80: 0.625 | V80: 5 | W80: 6 | X80: 0.833 | Y80: 0 | Z80: 5 | AA80: 5 | AB80: 5 | AC80: 1 | AD80: 0 | AE80: 1 | AF80: 2 | AG80: 25 | AH80: 20.8 | AI80: 7
A81: Andrew Wiggins | B81: 72 | C81: 597 | D81: 80 | E81: 44658 | F81: GSW | H81: LAL | I81: W 128-112 | J81: * | K81: 1.1395833 | L81: 7 | M81: 12 | N81: 0.583 | O81: 3 | P81: 5 | Q81: 0.6 | R81: 4 | S81: 7 | T81: 0.571 | U81: 0.708 | V81: 0 | W81: 0 | Y81: 2 | Z81: 2 | AA81: 4 | AB81: 1 | AC81: 0 | AD81: 1 | AE81: 2 | AF81: 3 | AG81: 17 | AH81: 11.6 | AI81: 2
A82: Andrew Wiggins | B82: 73 | C82: 598 | D82: 81 | E82: 44660 | F82: GSW | G82: @ | H82: SAS | I82: W 100-94 | J82: * | K82: 1.4555556 | L82: 5 | M82: 13 | N82: 0.385 | O82: 2 | P82: 7 | Q82: 0.286 | R82: 3 | S82: 6 | T82: 0.5 | U82: 0.462 | V82: 3 | W82: 8 | X82: 0.375 | Y82: 0 | Z82: 2 | AA82: 2 | AB82: 0 | AC82: 0 | AD82: 0 | AE82: 1 | AF82: 3 | AG82: 15 | AH82: 4.3 | AI82: 3
A83: Andrew Wiggins | B83: 73 | D83: 82 | E83: 44661 | F83: GSW | G83: @ | H83: NOP | I83: W 128-107 | J83: Inactive | K83: Inactive | L83: Inactive | M83: Inactive | N83: Inactive | O83: Inactive | P83: Inactive | Q83: Inactive | R83: Inactive | S83: Inactive | T83: Inactive | U83: Inactive | V83: Inactive | W83: Inactive | X83: Inactive | Y83: Inactive | Z83: Inactive | AA83: Inactive | AB83: Inactive | AC83: Inactive | AD83: Inactive | AE83: Inactive | AF83: Inactive | AG83: Inactive | AH83: Inactive | AI83: Inactive
A84: Andrew Wiggins | B84: 1 | C84: 6 | D84: 1 | E84: 44667 | F84: GSW | H84: DEN | I84: W 123-107 | J84: * | K84: 1.2284722 | L84: 6 | M84: 11 | N84: 0.545 | O84: 1 | P84: 2 | Q84: 0.5 | R84: 5 | S84: 9 | T84: 0.556 | U84: 0.591 | V84: 3 | W84: 4 | X84: 0.75 | Y84: 1 | Z84: 8 | AA84: 9 | AB84: 2 | AC84: 1 | AD84: 0 | AE84: 1 | AF84: 2 | AG84: 16 | AH84: 14 | AI84: 16
A85: Andrew Wiggins | B85: 2 | C85: 7 | D85: 2 | E85: 44669 | F85: GSW | H85: DEN | I85: W 126-106 | J85: * | K85: 1.2784722 | L85: 5 | M85: 9 | N85: 0.556 | O85: 2 | P85: 3 | Q85: 0.667 | R85: 3 | S85: 6 | T85: 0.5 | U85: 0.667 | V85: 1 | W85: 3 | X85: 0.333 | Y85: 2 | Z85: 6 | AA85: 8 | AB85: 2 | AC85: 1 | AD85: 1 | AE85: 1 | AF85: 2 | AG85: 13 | AH85: 12.4 | AI85: 24
A86: Andrew Wiggins | B86: 3 | C86: 8 | D86: 3 | E86: 44672 | F86: GSW | G86: @ | H86: DEN | I86: W 118-113 | J86: * | K86: 1.1923611 | L86: 3 | M86: 6 | N86: 0.5 | O86: 2 | P86: 4 | Q86: 0.5 | R86: 1 | S86: 2 | T86: 0.5 | U86: 0.667 | V86: 1 | W86: 2 | X86: 0.5 | Y86: 1 | Z86: 5 | AA86: 6 | AB86: 1 | AC86: 1 | AD86: 0 | AE86: 1 | AF86: 2 | AG86: 9 | AH86: 7.7 | AI86: -4
A87: Andrew Wiggins | B87: 4 | C87: 9 | D87: 4 | E87: 44675 | F87: GSW | G87: @ | H87: DEN | I87: L 121-126 | J87: * | K87: 1.5493056 | L87: 9 | M87: 16 | N87: 0.563 | O87: 1 | P87: 3 | Q87: 0.333 | R87: 8 | S87: 13 | T87: 0.615 | U87: 0.594 | V87: 1 | W87: 2 | X87: 0.5 | Y87: 3 | Z87: 3 | AA87: 6 | AB87: 1 | AC87: 2 | AD87: 2 | AE87: 1 | AF87: 2 | AG87: 20 | AH87: 17.3 | AI87: 5
A88: Andrew Wiggins | B88: 5 | C88: 10 | D88: 5 | E88: 44678 | F88: GSW | H88: DEN | I88: W 102-98 | J88: * | K88: 0.98125 | L88: 4 | M88: 9 | N88: 0.444 | O88: 1 | P88: 1 | Q88: 1 | R88: 3 | S88: 8 | T88: 0.375 | U88: 0.5 | V88: 3 | W88: 5 | X88: 0.6 | Y88: 0 | Z88: 5 | AA88: 5 | AB88: 2 | AC88: 0 | AD88: 1 | AE88: 2 | AF88: 2 | AG88: 12 | AH88: 7.3 | AI88: 0
A89: Andrew Wiggins | B89: 6 | C89: 11 | D89: 6 | E89: 44682 | F89: GSW | G89: @ | H89: MEM | I89: W 117-116 | J89: * | K89: 1.4319444 | L89: 6 | M89: 14 | N89: 0.429 | O89: 1 | P89: 5 | Q89: 0.2 | R89: 5 | S89: 9 | T89: 0.556 | U89: 0.464 | V89: 4 | W89: 7 | X89: 0.571 | Y89: 3 | Z89: 5 | AA89: 8 | AB89: 1 | AC89: 0 | AD89: 0 | AE89: 1 | AF89: 3 | AG89: 17 | AH89: 10.5 | AI89: 0
A90: Andrew Wiggins | B90: 7 | C90: 12 | D90: 7 | E90: 44684 | F90: GSW | G90: @ | H90: MEM | I90: L 101-106 | J90: * | K90: 1.5875 | L90: 6 | M90: 16 | N90: 0.375 | O90: 1 | P90: 7 | Q90: 0.143 | R90: 5 | S90: 9 | T90: 0.556 | U90: 0.406 | V90: 3 | W90: 4 | X90: 0.75 | Y90: 5 | Z90: 4 | AA90: 9 | AB90: 2 | AC90: 1 | AD90: 1 | AE90: 3 | AF90: 3 | AG90: 16 | AH90: 10.4 | AI90: 3
A91: Andrew Wiggins | B91: 8 | C91: 13 | D91: 8 | E91: 44688 | F91: GSW | H91: MEM | I91: W 142-112 | J91: * | K91: 1.06875 | L91: 7 | M91: 10 | N91: 0.7 | O91: 2 | P91: 2 | Q91: 1 | R91: 5 | S91: 8 | T91: 0.625 | U91: 0.8 | V91: 1 | W91: 1 | X91: 1 | Y91: 1 | Z91: 2 | AA91: 3 | AB91: 1 | AC91: 2 | AD91: 1 | AE91: 0 | AF91: 5 | AG91: 17 | AH91: 15.5 | AI91: 3
A92: Andrew Wiggins | B92: 9 | C92: 14 | D92: 9 | E92: 44690 | F92: GSW | H92: MEM | I92: W 101-98 | J92: * | K92: 1.6430556 | L92: 7 | M92: 13 | N92: 0.538 | O92: 1 | P92: 5 | Q92: 0.2 | R92: 6 | S92: 8 | T92: 0.75 | U92: 0.577 | V92: 2 | W92: 3 | X92: 0.667 | Y92: 5 | Z92: 5 | AA92: 10 | AB92: 1 | AC92: 1 | AD92: 2 | AE92: 2 | AF92: 0 | AG92: 17 | AH92: 16.4 | AI92: 12
A93: Andrew Wiggins | B93: 10 | C93: 15 | D93: 10 | E93: 44692 | F93: GSW | G93: @ | H93: MEM | I93: L 95-134 | J93: * | K93: 0.80902778 | L93: 2 | M93: 6 | N93: 0.333 | O93: 1 | P93: 3 | Q93: 0.333 | R93: 1 | S93: 3 | T93: 0.333 | U93: 0.417 | V93: 0 | W93: 0 | Y93: 0 | Z93: 1 | AA93: 1 | AB93: 0 | AC93: 0 | AD93: 1 | AE93: 1 | AF93: 3 | AG93: 5 | AH93: 0.4 | AI93: -23
A94: Andrew Wiggins | B94: 11 | C94: 16 | D94: 11 | E94: 44694 | F94: GSW | H94: MEM | I94: W 110-96 | J94: * | K94: 1.7208333 | L94: 7 | M94: 16 | N94: 0.438 | O94: 3 | P94: 5 | Q94: 0.6 | R94: 4 | S94: 11 | T94: 0.364 | U94: 0.531 | V94: 1 | W94: 2 | X94: 0.5 | Y94: 6 | Z94: 5 | AA94: 11 | AB94: 0 | AC94: 1 | AD94: 3 | AE94: 2 | AF94: 2 | AG94: 18 | AH94: 15.2 | AI94: 20
A95: Andrew Wiggins | B95: 12 | C95: 17 | D95: 12 | E95: 44699 | F95: GSW | H95: DAL | I95: W 112-87 | J95: * | K95: 1.4645833 | L95: 8 | M95: 17 | N95: 0.471 | O95: 3 | P95: 8 | Q95: 0.375 | R95: 5 | S95: 9 | T95: 0.556 | U95: 0.559 | V95: 0 | W95: 2 | X95: 0 | Y95: 1 | Z95: 4 | AA95: 5 | AB95: 3 | AC95: 1 | AD95: 1 | AE95: 2 | AF95: 3 | AG95: 19 | AH95: 12 | AI95: 28
A96: Andrew Wiggins | B96: 13 | C96: 18 | D96: 13 | E96: 44701 | F96: GSW | H96: DAL | I96: W 126-117 | J96: * | K96: 1.5833333 | L96: 5 | M96: 14 | N96: 0.357 | O96: 3 | P96: 5 | Q96: 0.6 | R96: 2 | S96: 9 | T96: 0.222 | U96: 0.464 | V96: 3 | W96: 6 | X96: 0.5 | Y96: 2 | Z96: 3 | AA96: 5 | AB96: 5 | AC96: 1 | AD96: 1 | AE96: 1 | AF96: 4 | AG96: 16 | AH96: 11.9 | AI96: 16
A97: Andrew Wiggins | B97: 14 | C97: 19 | D97: 14 | E97: 44703 | F97: GSW | G97: @ | H97: DAL | I97: W 109-100 | J97: * | K97: 1.6590278 | L97: 11 | M97: 20 | N97: 0.55 | O97: 1 | P97: 5 | Q97: 0.2 | R97: 10 | S97: 15 | T97: 0.667 | U97: 0.575 | V97: 4 | W97: 5 | X97: 0.8 | Y97: 6 | Z97: 5 | AA97: 11 | AB97: 3 | AC97: 0 | AD97: 0 | AE97: 0 | AF97: 4 | AG97: 27 | AH97: 23.2 | AI97: 22
A98: Andrew Wiggins | B98: 15 | C98: 20 | D98: 15 | E98: 44705 | F98: GSW | G98: @ | H98: DAL | I98: L 109-119 | J98: * | K98: 1.2722222 | L98: 5 | M98: 11 | N98: 0.455 | O98: 1 | P98: 3 | Q98: 0.333 | R98: 4 | S98: 8 | T98: 0.5 | U98: 0.5 | V98: 2 | W98: 2 | X98: 1 | Y98: 3 | Z98: 2 | AA98: 5 | AB98: 1 | AC98: 0 | AD98: 0 | AE98: 0 | AF98: 3 | AG98: 13 | AH98: 9.5 | AI98: -20
A99: Andrew Wiggins | B99: 16 | C99: 21 | D99: 16 | E99: 44707 | F99: GSW | H99: DAL | I99: W 120-110 | J99: * | K99: 1.66875 | L99: 7 | M99: 16 | N99: 0.438 | O99: 0 | P99: 7 | Q99: 0 | R99: 7 | S99: 9 | T99: 0.778 | U99: 0.438 | V99: 4 | W99: 4 | X99: 1 | Y99: 3 | Z99: 7 | AA99: 10 | AB99: 2 | AC99: 1 | AD99: 0 | AE99: 1 | AF99: 1 | AG99: 18 | AH99: 14.8 | AI99: 9
A100: Andrew Wiggins | B100: 17 | C100: 22 | D100: 17 | E100: 44714 | F100: GSW | H100: BOS | I100: L 108-120 | J100: * | K100: 1.4548611 | L100: 8 | M100: 15 | N100: 0.533 | O100: 2 | P100: 7 | Q100: 0.286 | R100: 6 | S100: 8 | T100: 0.75 | U100: 0.6 | V100: 2 | W100: 2 | X100: 1 | Y100: 1 | Z100: 4 | AA100: 5 | AB100: 0 | AC100: 1 | AD100: 3 | AE100: 1 | AF100: 3 | AG100: 20 | AH100: 15.5 | AI100: -11
...

Sheet davis
A1: Player | B1: Rk | C1: Gcar | D1: Gtm | E1: Date | F1: Team | H1: Opp | I1: Result | J1: GS | K1: MP | L1: FG | M1: FGA | N1: FG% | O1: 3P | P1: 3PA | Q1: 3P% | R1: 2P | S1: 2PA | T1: 2P% | U1: eFG% | V1: FT | W1: FTA | X1: FT% | Y1: ORB | Z1: DRB | AA1: TRB | AB1: AST | AC1: STL | AD1: BLK | AE1: TOV | AF1: PF | AG1: PTS | AH1: GmSc | AI1: +/-
A2: Anthony Davis | B2: 1 | C2: 565 | D2: 1 | E2: 44488 | F2: LAL | H2: GSW | I2: L 114-121 | J2: * | K2: 1.6215278 | L2: 15 | M2: 26 | N2: 0.577 | O2: 1 | P2: 5 | Q2: 0.2 | R2: 14 | S2: 21 | T2: 0.667 | U2: 0.596 | V2: 2 | W2: 7 | X2: 0.286 | Y2: 2 | Z2: 9 | AA2: 11 | AB2: 2 | AC2: 1 | AD2: 2 | AE2: 0 | AF2: 0 | AG2: 33 | AH2: 26.7 | AI2: -2
A3: Anthony Davis | B3: 2 | C3: 566 | D3: 2 | E3: 44491 | F3: LAL | H3: PHO | I3: L 105-115 | J3: * | K3: 1.5895833 | L3: 6 | M3: 18 | N3: 0.333 | O3: 0 | P3: 1 | Q3: 0 | R3: 6 | S3: 17 | T3: 0.353 | U3: 0.333 | V3: 10 | W3: 11 | X3: 0.909 | Y3: 5 | Z3: 9 | AA3: 14 | AB3: 3 | AC3: 1 | AD3: 2 | AE3: 2 | AF3: 3 | AG3: 22 | AH3: 18.9 | AI3: -6
A4: Anthony Davis | B4: 3 | C4: 567 | D4: 3 | E4: 44493 | F4: LAL | H4: MEM | I4: W 121-118 | J4: * | K4: 1.4041667 | L4: 8 | M4: 15 | N4: 0.533 | O4: 1 | P4: 3 | Q4: 0.333 | R4: 7 | S4: 12 | T4: 0.583 | U4: 0.567 | V4: 5 | W4: 7 | X4: 0.714 | Y4: 3 | Z4: 5 | AA4: 8 | AB4: 2 | AC4: 0 | AD4: 4 | AE4: 3 | AF4: 1 | AG4: 22 | AH4: 18.3 | AI4: -5
A5: Anthony Davis | B5: 4 | C5: 568 | D5: 4 | E5: 44495 | F5: LAL | G5: @ | H5: SAS | I5: W 125-121 (OT) | J5: * | K5: 1.7659722 | L5: 15 | M5: 31 | N5: 0.484 | O5: 0 | P5: 4 | Q5: 0 | R5: 15 | S5: 27 | T5: 0.556 | U5: 0.484 | V5: 5 | W5: 6 | X5: 0.833 | Y5: 7 | Z5: 10 | AA5: 17 | AB5: 4 | AC5: 0 | AD5: 4 | AE5: 2 | AF5: 2 | AG5: 35 | AH5: 29.6 | AI5: 3
A6: Anthony Davis | B6: 5 | C6: 569 | D6: 5 | E6: 44496 | F6: LAL | G6: @ | H6: OKC | I6: L 115-123 | J6: * | K6: 1.5236111 | L6: 12 | M6: 22 | N6: 0.545 | O6: 0 | P6: 1 | Q6: 0 | R6: 12 | S6: 21 | T6: 0.571 | U6: 0.545 | V6: 6 | W6: 7 | X6: 0.857 | Y6: 4 | Z6: 4 | AA6: 8 | AB6: 2 | AC6: 1 | AD6: 0 | AE6: 2 | AF6: 1 | AG6: 30 | AH6: 23 | AI6: -7
A7: Anthony Davis | B7: 6 | C7: 570 | D7: 6 | E7: 44498 | F7: LAL | H7: CLE | I7: W 113-101 | J7: * | K7: 1.29375 | L7: 7 | M7: 14 | N7: 0.5 | O7: 1 | P7: 2 | Q7: 0.5 | R7: 6 | S7: 12 | T7: 0.5 | U7: 0.536 | V7: 0 | W7: 0 | Y7: 2 | Z7: 7 | AA7: 9 | AB7: 3 | AC7: 1 | AD7: 3 | AE7: 2 | AF7: 3 | AG7: 15 | AH7: 13.5 | AI7: 11
A8: Anthony Davis | B8: 7 | C8: 571 | D8: 7 | E8: 44500 | F8: LAL | H8: HOU | I8: W 95-85 | J8: * | K8: 1.3576389 | L8: 7 | M8: 17 | N8: 0.412 | O8: 0 | P8: 1 | Q8: 0 | R8: 7 | S8: 16 | T8: 0.438 | U8: 0.412 | V8: 2 | W8: 2 | X8: 1 | Y8: 6 | Z8: 7 | AA8: 13 | AB8: 2 | AC8: 1 | AD8: 1 | AE8: 3 | AF8: 3 | AG8: 16 | AH8: 12.1 | AI8: 6
A9: Anthony Davis | B9: 8 | C9: 572 | D9: 8 | E9: 44502 | F9: LAL | H9: HOU | I9: W 119-117 | J9: * | K9: 1.3347222 | L9: 11 | M9: 18 | N9: 0.611 | O9: 0 | P9: 3 | Q9: 0 | R9: 11 | S9: 15 | T9: 0.733 | U9: 0.611 | V9: 5 | W9: 8 | X9: 0.625 | Y9: 1 | Z9: 8 | AA9: 9 | AB9: 3 | AC9: 3 | AD9: 3 | AE9: 4 | AF9: 2 | AG9: 27 | AH9: 23.1 | AI9: -1
A10: Anthony Davis | B10: 9 | C10: 573 | D10: 9 | E10: 44504 | F10: LAL | H10: OKC | I10: L 104-107 | J10: * | K10: 1.5881944 | L10: 11 | M10: 20 | N10: 0.55 | O10: 0 | P10: 1 | Q10: 0 | R10: 11 | S10: 19 | T10: 0.579 | U10: 0.55 | V10: 7 | W10: 9 | X10: 0.778 | Y10: 6 | Z10: 12 | AA10: 18 | AB10: 5 | AC10: 1 | AD10: 2 | AE10: 3 | AF10: 4 | AG10: 29 | AH10: 27.7 | AI10: -14
A11: Anthony Davis | B11: 10 | C11: 574 | D11: 10 | E11: 44506 | F11: LAL | G11: @ | H11: POR | I11: L 90-105 | J11: * | K11: 0.29791667 | L11: 1 | M11: 5 | N11: 0.2 | O11: 0 | P11: 0 | R11: 1 | S11: 5 | T11: 0.2 | U11: 0.2 | V11: 0 | W11: 0 | Y11: 3 | Z11: 0 | AA11: 3 | AB11: 0 | AC11: 0 | AD11: 0 | AE11: 0 | AF11: 1 | AG11: 2 | AH11: 0.6 | AI11: -11
A12: Anthony Davis | B12: 11 | C12: 575 | D12: 11 | E12: 44508 | F12: LAL | H12: CHO | I12: W 126-123 (OT) | J12: * | K12: 1.8159722 | L12: 13 | M12: 25 | N12: 0.52 | O12: 0 | P12: 3 | Q12: 0 | R12: 13 | S12: 22 | T12: 0.591 | U12: 0.52 | V12: 6 | W12: 8 | X12: 0.75 | Y12: 2 | Z12: 10 | AA12: 12 | AB12: 4 | AC12: 3 | AD12: 5 | AE12: 4 | AF12: 4 | AG12: 32 | AH12: 27 | AI12: -1
A13: Anthony Davis | B13: 12 | C13: 576 | D13: 12 | E13: 44510 | F13: LAL | H13: MIA | I13: W 120-117 (OT) | J13: * | K13: 1.8555556 | L13: 10 | M13: 23 | N13: 0.435 | O13: 1 | P13: 2 | Q13: 0.5 | R13: 9 | S13: 21 | T13: 0.429 | U13: 0.457 | V13: 3 | W13: 4 | X13: 0.75 | Y13: 5 | Z13: 8 | AA13: 13 | AB13: 4 | AC13: 1 | AD13: 1 | AE13: 4 | AF13: 3 | AG13: 24 | AH13: 16.7 | AI13: -4
A14: Anthony Davis | B14: 13 | C14: 577 | D14: 13 | E14: 44512 | F14: LAL | H14: MIN | I14: L 83-107 | J14: * | K14: 1.2902778 | L14: 7 | M14: 13 | N14: 0.538 | O14: 0 | P14: 1 | Q14: 0 | R14: 7 | S14: 12 | T14: 0.583 | U14: 0.538 | V14: 8 | W14: 10 | X14: 0.8 | Y14: 2 | Z14: 6 | AA14: 8 | AB14: 2 | AC14: 3 | AD14: 3 | AE14: 2 | AF14: 4 | AG14: 22 | AH14: 21 | AI14: -16
A15: Anthony Davis | B15: 14 | C15: 578 | D15: 14 | E15: 44514 | F15: LAL | H15: SAS | I15: W 114-106 | J15: * | K15: 1.6527778 | L15: 14 | M15: 24 | N15: 0.583 | O15: 2 | P15: 3 | Q15: 0.667 | R15: 12 | S15: 21 | T15: 0.571 | U15: 0.625 | V15: 4 | W15: 5 | X15: 0.8 | Y15: 5 | Z15: 10 | AA15: 15 | AB15: 6 | AC15: 1 | AD15: 1 | AE15: 1 | AF15: 0 | AG15: 34 | AH15: 33.8 | AI15: 0
A16: Anthony Davis | B16: 15 | C16: 579 | D16: 15 | E16: 44515 | F16: LAL | H16: CHI | I16: L 103-121 | J16: * | K16: 1.1659722 | L16: 6 | M16: 9 | N16: 0.667 | O16: 0 | P16: 0 | R16: 6 | S16: 9 | T16: 0.667 | U16: 0.667 | V16: 8 | W16: 9 | X16: 0.889 | Y16: 1 | Z16: 5 | AA16: 6 | AB16: 1 | AC16: 1 | AD16: 0 | AE16: 4 | AF16: 1 | AG16: 20 | AH16: 15.2 | AI16: -22
A17: Anthony Davis | B17: 16 | C17: 580 | D17: 16 | E17: 44517 | F17: LAL | G17: @ | H17: MIL | I17: L 102-109 | J17: * | K17: 1.5416667 | L17: 9 | M17: 15 | N17: 0.6 | O17: 0 | P17: 1 | Q17: 0 | R17: 9 | S17: 14 | T17: 0.643 | U17: 0.6 | V17: 0 | W17: 0 | Y17: 2 | Z17: 7 | AA17: 9 | AB17: 4 | AC17: 0 | AD17: 2 | AE17: 1 | AF17: 4 | AG17: 18 | AH17: 16.2 | AI17: 5
A18: Anthony Davis | B18: 17 | C18: 581 | D18: 17 | E18: 44519 | F18: LAL | G18: @ | H18: BOS | I18: L 108-130 | J18: * | K18: 1.525 | L18: 12 | M18: 21 | N18: 0.571 | O18: 0 | P18: 3 | Q18: 0 | R18: 12 | S18: 18 | T18: 0.667 | U18: 0.571 | V18: 7 | W18: 9 | X18: 0.778 | Y18: 1 | Z18: 5 | AA18: 6 | AB18: 2 | AC18: 0 | AD18: 3 | AE18: 1 | AF18: 2 | AG18: 31 | AH18: 24.2 | AI18: -14
A19: Anthony Davis | B19: 18 | C19: 582 | D19: 18 | E19: 44521 | F19: LAL | G19: @ | H19: DET | I19: W 121-116 | J19: * | K19: 1.6513889 | L19: 11 | M19: 19 | N19: 0.579 | O19: 0 | P19: 1 | Q19: 0 | R19: 11 | S19: 18 | T19: 0.611 | U19: 0.579 | V19: 8 | W19: 10 | X19: 0.8 | Y19: 1 | Z19: 9 | AA19: 10 | AB19: 6 | AC19: 4 | AD19: 5 | AE19: 2 | AF19: 4 | AG19: 30 | AH19: 31.8 | AI19: 5
A20: Anthony Davis | B20: 19 | C20: 583 | D20: 19 | E20: 44523 | F20: LAL | G20: @ | H20: NYK | I20: L 100-106 | J20: * | K20: 1.4152778 | L20: 7 | M20: 17 | N20: 0.412 | O20: 1 | P20: 2 | Q20: 0.5 | R20: 6 | S20: 15 | T20: 0.4 | U20: 0.441 | V20: 5 | W20: 11 | X20: 0.455 | Y20: 3 | Z20: 3 | AA20: 6 | AB20: 3 | AC20: 0 | AD20: 0 | AE20: 0 | AF20: 1 | AG20: 20 | AH20: 13.2 | AI20: 8
A21: Anthony Davis | B21: 19 | D21: 20 | E21: 44524 | F21: LAL | G21: @ | H21: IND | I21: W 124-116 (OT) | J21: Did Not Dress | K21: Did Not Dress | L21: Did Not Dress | M21: Did Not Dress | N21: Did Not Dress | O21: Did Not Dress | P21: Did Not Dress | Q21: Did Not Dress | R21: Did Not Dress | S21: Did Not Dress | T21: Did Not Dress | U21: Did Not Dress | V21: Did Not Dress | W21: Did Not Dress | X21: Did Not Dress | Y21: Did Not Dress | Z21: Did Not Dress | AA21: Did Not Dress | AB21: Did Not Dress | AC21: Did Not Dress | AD21: Did Not Dress | AE21: Did Not Dress | AF21: Did Not Dress | AG21: Did Not Dress | AH21: Did Not Dress | AI21: Did Not Dress
A22: Anthony Davis | B22: 20 | C22: 584 | D22: 21 | E22: 44526 | F22: LAL | H22: SAC | I22: L 137-141 (3OT) | J22: * | K22: 2.025 | L22: 9 | M22: 22 | N22: 0.409 | O22: 0 | P22: 5 | Q22: 0 | R22: 9 | S22: 17 | T22: 0.529 | U22: 0.409 | V22: 5 | W22: 8 | X22: 0.625 | Y22: 1 | Z22: 7 | AA22: 8 | AB22: 4 | AC22: 3 | AD22: 4 | AE22: 2 | AF22: 5 | AG22: 23 | AH22: 17.4 | AI22: -16
A23: Anthony Davis | B23: 21 | C23: 585 | D23: 22 | E23: 44528 | F23: LAL | H23: DET | I23: W 110-106 | J23: * | K23: 1.5701389 | L23: 10 | M23: 15 | N23: 0.667 | O23: 2 | P23: 2 | Q23: 1 | R23: 8 | S23: 13 | T23: 0.615 | U23: 0.733 | V23: 2 | W23: 3 | X23: 0.667 | Y23: 0 | Z23: 10 | AA23: 10 | AB23: 2 | AC23: 2 | AD23: 3 | AE23: 1 | AF23: 1 | AG23: 24 | AH23: 24.2 | AI23: 4
A24: Anthony Davis | B24: 22 | C24: 586 | D24: 23 | E24: 44530 | F24: LAL | G24: @ | H24: SAC | I24: W 117-92 | J24: * | K24: 1.4548611 | L24: 12 | M24: 22 | N24: 0.545 | O24: 0 | P24: 2 | Q24: 0 | R24: 12 | S24: 20 | T24: 0.6 | U24: 0.545 | V24: 1 | W24: 2 | X24: 0.5 | Y24: 2 | Z24: 5 | AA24: 7 | AB24: 3 | AC24: 2 | AD24: 2 | AE24: 1 | AF24: 2 | AG24: 25 | AH24: 20.6 | AI24: 10
A25: Anthony Davis | B25: 23 | C25: 587 | D25: 24 | E25: 44533 | F25: LAL | H25: LAC | I25: L 115-119 | J25: * | K25: 1.5125 | L25: 10 | M25: 15 | N25: 0.667 | O25: 0 | P25: 2 | Q25: 0 | R25: 10 | S25: 13 | T25: 0.769 | U25: 0.667 | V25: 7 | W25: 11 | X25: 0.636 | Y25: 5 | Z25: 5 | AA25: 10 | AB25: 4 | AC25: 0 | AD25: 1 | AE25: 2 | AF25: 2 | AG25: 27 | AH25: 24.6 | AI25: -9
A26: Anthony Davis | B26: 24 | C26: 588 | D26: 25 | E26: 44537 | F26: LAL | H26: BOS | I26: W 117-102 | J26: * | K26: 1.4784722 | L26: 7 | M26: 13 | N26: 0.538 | O26: 0 | P26: 0 | R26: 7 | S26: 13 | T26: 0.538 | U26: 0.538 | V26: 3 | W26: 4 | X26: 0.75 | Y26: 4 | Z26: 12 | AA26: 16 | AB26: 3 | AC26: 2 | AD26: 2 | AE26: 3 | AF26: 3 | AG26: 17 | AH26: 18 | AI26: 17
A27: Anthony Davis | B27: 25 | C27: 589 | D27: 26 | E27: 44539 | F27: LAL | G27: @ | H27: MEM | I27: L 95-108 | J27: * | K27: 1.5888889 | L27: 9 | M27: 18 | N27: 0.5 | O27: 1 | P27: 4 | Q27: 0.25 | R27: 8 | S27: 14 | T27: 0.571 | U27: 0.528 | V27: 3 | W27: 4 | X27: 0.75 | Y27: 1 | Z27: 7 | AA27: 8 | AB27: 1 | AC27: 1 | AD27: 1 | AE27: 2 | AF27: 1 | AG27: 22 | AH27: 15.4 | AI27: -2
A28: Anthony Davis | B28: 25 | D28: 27 | E28: 44540 | F28: LAL | G28: @ | H28: OKC | I28: W 116-95 | J28: Did Not Dress | K28: Did Not Dress | L28: Did Not Dress | M28: Did Not Dress | N28: Did Not Dress | O28: Did Not Dress | P28: Did Not Dress | Q28: Did Not Dress | R28: Did Not Dress | S28: Did Not Dress | T28: Did Not Dress | U28: Did Not Dress | V28: Did Not Dress | W28: Did Not Dress | X28: Did Not Dress | Y28: Did Not Dress | Z28: Did Not Dress | AA28: Did Not Dress | AB28: Did Not Dress | AC28: Did Not Dress | AD28: Did Not Dress | AE28: Did Not Dress | AF28: Did Not Dress | AG28: Did Not Dress | AH28: Did Not Dress | AI28: Did Not Dress
A29: Anthony Davis | B29: 25 | D29: 28 | E29: 44542 | F29: LAL | H29: ORL | I29: W 106-94 | J29: Did Not Dress | K29: Did Not Dress | L29: Did Not Dress | M29: Did Not Dress | N29: Did Not Dress | O29: Did Not Dress | P29: Did Not Dress | Q29: Did Not Dress | R29: Did Not Dress | S29: Did Not Dress | T29: Did Not Dress | U29: Did Not Dress | V29: Did Not Dress | W29: Did Not Dress | X29: Did Not Dress | Y29: Did Not Dress | Z29: Did Not Dress | AA29: Did Not Dress | AB29: Did Not Dress | AC29: Did Not Dress | AD29: Did Not Dress | AE29: Did Not Dress | AF29: Did Not Dress | AG29: Did Not Dress | AH29: Did Not Dress | AI29: Did Not Dress
A30: Anthony Davis | B30: 26 | C30: 590 | D30: 29 | E30: 44545 | F30: LAL | G30: @ | H30: DAL | I30: W 107-104 (OT) | J30: * | K30: 1.6409722 | L30: 8 | M30: 18 | N30: 0.444 | O30: 0 | P30: 3 | Q30: 0 | R30: 8 | S30: 15 | T30: 0.533 | U30: 0.444 | V30: 4 | W30: 5 | X30: 0.8 | Y30: 0 | Z30: 12 | AA30: 12 | AB30: 2 | AC30: 0 | AD30: 0 | AE30: 6 | AF30: 4 | AG30: 20 | AH30: 7.6 | AI30: 21
A31: Anthony Davis | B31: 27 | C31: 591 | D31: 30 | E31: 44547 | F31: LAL | G31: @ | H31: MIN | I31: L 92-110 | J31: * | K31: 0.83680556 | L31: 4 | M31: 7 | N31: 0.571 | O31: 0 | P31: 1 | Q31: 0 | R31: 4 | S31: 6 | T31: 0.667 | U31: 0.571 | V31: 1 | W31: 1 | X31: 1 | Y31: 0 | Z31: 1 | AA31: 1 | AB31: 0 | AC31: 0 | AD31: 1 | AE31: 3 | AF31: 2 | AG31: 9 | AH31: 2.9 | AI31: -8
A32: Anthony Davis | B32: 27 | D32: 31 | E32: 44549 | F32: LAL | G32: @ | H32: CHI | I32: L 110-115 | J32: Did Not Dress | K32: Did Not Dress | L32: Did Not Dress | M32: Did Not Dress | N32: Did Not Dress | O32: Did Not Dress | P32: Did Not Dress | Q32: Did Not Dress | R32: Did Not Dress | S32: Did Not Dress | T32: Did Not Dress | U32: Did Not Dress | V32: Did Not Dress | W32: Did Not Dress | X32: Did Not Dress | Y32: Did Not Dress | Z32: Did Not Dress | AA32: Did Not Dress | AB32: Did Not Dress | AC32: Did Not Dress | AD32: Did Not Dress | AE32: Did Not Dress | AF32: Did Not Dress | AG32: Did Not Dress | AH32: Did Not Dress | AI32: Did Not Dress
A33: Anthony Davis | B33: 27 | D33: 32 | E33: 44551 | F33: LAL | H33: PHO | I33: L 90-108 | J33: Inactive | K33: Inactive | L33: Inactive | M33: Inactive | N33: Inactive | O33: Inactive | P33: Inactive | Q33: Inactive | R33: Inactive | S33: Inactive | T33: Inactive | U33: Inactive | V33: Inactive | W33: Inactive | X33: Inactive | Y33: Inactive | Z33: Inactive | AA33: Inactive | AB33: Inactive | AC33: Inactive | AD33: Inactive | AE33: Inactive | AF33: Inactive | AG33: Inactive | AH33: Inactive | AI33: Inactive
A34: Anthony Davis | B34: 27 | D34: 33 | E34: 44553 | F34: LAL | H34: SAS | I34: L 110-138 | J34: Inactive | K34: Inactive | L34: Inactive | M34: Inactive | N34: Inactive | O34: Inactive | P34: Inactive | Q34: Inactive | R34: Inactive | S34: Inactive | T34: Inactive | U34: Inactive | V34: Inactive | W34: Inactive | X34: Inactive | Y34: Inactive | Z34: Inactive | AA34: Inactive | AB34: Inactive | AC34: Inactive | AD34: Inactive | AE34: Inactive | AF34: Inactive | AG34: Inactive | AH34: Inactive | AI34: Inactive
A35: Anthony Davis | B35: 27 | D35: 34 | E35: 44555 | F35: LAL | H35: BRK | I35: L 115-122 | J35: Inactive | K35: Inactive | L35: Inactive | M35: Inactive | N35: Inactive | O35: Inactive | P35: Inactive | Q35: Inactive | R35: Inactive | S35: Inactive | T35: Inactive | U35: Inactive | V35: Inactive | W35: Inactive | X35: Inactive | Y35: Inactive | Z35: Inactive | AA35: Inactive | AB35: Inactive | AC35: Inactive | AD35: Inactive | AE35: Inactive | AF35: Inactive | AG35: Inactive | AH35: Inactive | AI35: Inactive
A36: Anthony Davis | B36: 27 | D36: 35 | E36: 44558 | F36: LAL | G36: @ | H36: HOU | I36: W 132-123 | J36: Inactive | K36: Inactive | L36: Inactive | M36: Inactive | N36: Inactive | O36: Inactive | P36: Inactive | Q36: Inactive | R36: Inactive | S36: Inactive | T36: Inactive | U36: Inactive | V36: Inactive | W36: Inactive | X36: Inactive | Y36: Inactive | Z36: Inactive | AA36: Inactive | AB36: Inactive | AC36: Inactive | AD36: Inactive | AE36: Inactive | AF36: Inactive | AG36: Inactive | AH36: Inactive | AI36: Inactive
A37: Anthony Davis | B37: 27 | D37: 36 | E37: 44559 | F37: LAL | G37: @ | H37: MEM | I37: L 99-104 | J37: Inactive | K37: Inactive | L37: Inactive | M37: Inactive | N37: Inactive | O37: Inactive | P37: Inactive | Q37: Inactive | R37: Inactive | S37: Inactive | T37: Inactive | U37: Inactive | V37: Inactive | W37: Inactive | X37: Inactive | Y37: Inactive | Z37: Inactive | AA37: Inactive | AB37: Inactive | AC37: Inactive | AD37: Inactive | AE37: Inactive | AF37: Inactive | AG37: Inactive | AH37: Inactive | AI37: Inactive
A38: Anthony Davis | B38: 27 | D38: 37 | E38: 44561 | F38: LAL | H38: POR | I38: W 139-106 | J38: Inactive | K38: Inactive | L38: Inactive | M38: Inactive | N38: Inactive | O38: Inactive | P38: Inactive | Q38: Inactive | R38: Inactive | S38: Inactive | T38: Inactive | U38: Inactive | V38: Inactive | W38: Inactive | X38: Inactive | Y38: Inactive | Z38: Inactive | AA38: Inactive | AB38: Inactive | AC38: Inactive | AD38: Inactive | AE38: Inactive | AF38: Inactive | AG38: Inactive | AH38: Inactive | AI38: Inactive
A39: Anthony Davis | B39: 27 | D39: 38 | E39: 44563 | F39: LAL | H39: MIN | I39: W 108-103 | J39: Inactive | K39: Inactive | L39: Inactive | M39: Inactive | N39: Inactive | O39: Inactive | P39: Inactive | Q39: Inactive | R39: Inactive | S39: Inactive | T39: Inactive | U39: Inactive | V39: Inactive | W39: Inactive | X39: Inactive | Y39: Inactive | Z39: Inactive | AA39: Inactive | AB39: Inactive | AC39: Inactive | AD39: Inactive | AE39: Inactive | AF39: Inactive | AG39: Inactive | AH39: Inactive | AI39: Inactive
A40: Anthony Davis | B40: 27 | D40: 39 | E40: 44565 | F40: LAL | H40: SAC | I40: W 122-114 | J40: Inactive | K40: Inactive | L40: Inactive | M40: Inactive | N40: Inactive | O40: Inactive | P40: Inactive | Q40: Inactive | R40: Inactive | S40: Inactive | T40: Inactive | U40: Inactive | V40: Inactive | W40: Inactive | X40: Inactive | Y40: Inactive | Z40: Inactive | AA40: Inactive | AB40: Inactive | AC40: Inactive | AD40: Inactive | AE40: Inactive | AF40: Inactive | AG40: Inactive | AH40: Inactive | AI40: Inactive
A41: Anthony Davis | B41: 27 | D41: 40 | E41: 44568 | F41: LAL | H41: ATL | I41: W 134-118 | J41: Inactive | K41: Inactive | L41: Inactive | M41: Inactive | N41: Inactive | O41: Inactive | P41: Inactive | Q41: Inactive | R41: Inactive | S41: Inactive | T41: Inactive | U41: Inactive | V41: Inactive | W41: Inactive | X41: Inactive | Y41: Inactive | Z41: Inactive | AA41: Inactive | AB41: Inactive | AC41: Inactive | AD41: Inactive | AE41: Inactive | AF41: Inactive | AG41: Inactive | AH41: Inactive | AI41: Inactive
A42: Anthony Davis | B42: 27 | D42: 41 | E42: 44570 | F42: LAL | H42: MEM | I42: L 119-127 | J42: Inactive | K42: Inactive | L42: Inactive | M42: Inactive | N42: Inactive | O42: Inactive | P42: Inactive | Q42: Inactive | R42: Inactive | S42: Inactive | T42: Inactive | U42: Inactive | V42: Inactive | W42: Inactive | X42: Inactive | Y42: Inactive | Z42: Inactive | AA42: Inactive | AB42: Inactive | AC42: Inactive | AD42: Inactive | AE42: Inactive | AF42: Inactive | AG42: Inactive | AH42: Inactive | AI42: Inactive
A43: Anthony Davis | B43: 27 | D43: 42 | E43: 44573 | F43: LAL | G43: @ | H43: SAC | I43: L 116-125 | J43: Inactive | K43: Inactive | L43: Inactive | M43: Inactive | N43: Inactive | O43: Inactive | P43: Inactive | Q43: Inactive | R43: Inactive | S43: Inactive | T43: Inactive | U43: Inactive | V43: Inactive | W43: Inactive | X43: Inactive | Y43: Inactive | Z43: Inactive | AA43: Inactive | AB43: Inactive | AC43: Inactive | AD43: Inactive | AE43: Inactive | AF43: Inactive | AG43: Inactive | AH43: Inactive | AI43: Inactive
A44: Anthony Davis | B44: 27 | D44: 43 | E44: 44576 | F44: LAL | G44: @ | H44: DEN | I44: L 96-133 | J44: Inactive | K44: Inactive | L44: Inactive | M44: Inactive | N44: Inactive | O44: Inactive | P44: Inactive | Q44: Inactive | R44: Inactive | S44: Inactive | T44: Inactive | U44: Inactive | V44: Inactive | W44: Inactive | X44: Inactive | Y44: Inactive | Z44: Inactive | AA44: Inactive | AB44: Inactive | AC44: Inactive | AD44: Inactive | AE44: Inactive | AF44: Inactive | AG44: Inactive | AH44: Inactive | AI44: Inactive
A45: Anthony Davis | B45: 27 | D45: 44 | E45: 44578 | F45: LAL | H45: UTA | I45: W 101-95 | J45: Inactive | K45: Inactive | L45: Inactive | M45: Inactive | N45: Inactive | O45: Inactive | P45: Inactive | Q45: Inactive | R45: Inactive | S45: Inactive | T45: Inactive | U45: Inactive | V45: Inactive | W45: Inactive | X45: Inactive | Y45: Inactive | Z45: Inactive | AA45: Inactive | AB45: Inactive | AC45: Inactive | AD45: Inactive | AE45: Inactive | AF45: Inactive | AG45: Inactive | AH45: Inactive | AI45: Inactive
A46: Anthony Davis | B46: 27 | D46: 45 | E46: 44580 | F46: LAL | H46: IND | I46: L 104-111 | J46: Inactive | K46: Inactive | L46: Inactive | M46: Inactive | N46: Inactive | O46: Inactive | P46: Inactive | Q46: Inactive | R46: Inactive | S46: Inactive | T46: Inactive | U46: Inactive | V46: Inactive | W46: Inactive | X46: Inactive | Y46: Inactive | Z46: Inactive | AA46: Inactive | AB46: Inactive | AC46: Inactive | AD46: Inactive | AE46: Inactive | AF46: Inactive | AG46: Inactive | AH46: Inactive | AI46: Inactive
A47: Anthony Davis | B47: 27 | D47: 46 | E47: 44582 | F47: LAL | G47: @ | H47: ORL | I47: W 116-105 | J47: Inactive | K47: Inactive | L47: Inactive | M47: Inactive | N47: Inactive | O47: Inactive | P47: Inactive | Q47: Inactive | R47: Inactive | S47: Inactive | T47: Inactive | U47: Inactive | V47: Inactive | W47: Inactive | X47: Inactive | Y47: Inactive | Z47: Inactive | AA47: Inactive | AB47: Inactive | AC47: Inactive | AD47: Inactive | AE47: Inactive | AF47: Inactive | AG47: Inactive | AH47: Inactive | AI47: Inactive
A48: Anthony Davis | B48: 27 | D48: 47 | E48: 44584 | F48: LAL | G48: @ | H48: MIA | I48: L 107-113 | J48: Inactive | K48: Inactive | L48: Inactive | M48: Inactive | N48: Inactive | O48: Inactive | P48: Inactive | Q48: Inactive | R48: Inactive | S48: Inactive | T48: Inactive | U48: Inactive | V48: Inactive | W48: Inactive | X48: Inactive | Y48: Inactive | Z48: Inactive | AA48: Inactive | AB48: Inactive | AC48: Inactive | AD48: Inactive | AE48: Inactive | AF48: Inactive | AG48: Inactive | AH48: Inactive | AI48: Inactive
A49: Anthony Davis | B49: 28 | C49: 592 | D49: 48 | E49: 44586 | F49: LAL | G49: @ | H49: BRK | I49: W 106-96 | J49: * | K49: 1.0326389 | L49: 3 | M49: 8 | N49: 0.375 | O49: 0 | P49: 1 | Q49: 0 | R49: 3 | S49: 7 | T49: 0.429 | U49: 0.375 | V49: 2 | W49: 2 | X49: 1 | Y49: 1 | Z49: 1 | AA49: 2 | AB49: 2 | AC49: 1 | AD49: 4 | AE49: 1 | AF49: 4 | AG49: 8 | AH49: 7.2 | AI49: -1
A50: Anthony Davis | B50: 29 | C50: 593 | D50: 49 | E50: 44588 | F50: LAL | G50: @ | H50: PHI | I50: L 87-105 | J50: * | K50: 1.4020833 | L50: 14 | M50: 21 | N50: 0.667 | O50: 0 | P50: 1 | Q50: 0 | R50: 14 | S50: 20 | T50: 0.7 | U50: 0.667 | V50: 3 | W50: 3 | X50: 1 | Y50: 3 | Z50: 9 | AA50: 12 | AB50: 1 | AC50: 2 | AD50: 4 | AE50: 3 | AF50: 4 | AG50: 31 | AH50: 27.6 | AI50: -7
A51: Anthony Davis | B51: 29 | D51: 50 | E51: 44589 | F51: LAL | G51: @ | H51: CHO | I51: L 114-117 | J51: Inactive | K51: Inactive | L51: Inactive | M51: Inactive | N51: Inactive | O51: Inactive | P51: Inactive | Q51: Inactive | R51: Inactive | S51: Inactive | T51: Inactive | U51: Inactive | V51: Inactive | W51: Inactive | X51: Inactive | Y51: Inactive | Z51: Inactive | AA51: Inactive | AB51: Inactive | AC51: Inactive | AD51: Inactive | AE51: Inactive | AF51: Inactive | AG51: Inactive | AH51: Inactive | AI51: Inactive
A52: Anthony Davis | B52: 30 | C52: 594 | D52: 51 | E52: 44591 | F52: LAL | G52: @ | H52: ATL | I52: L 121-129 | J52: * | K52: 1.5979167 | L52: 10 | M52: 20 | N52: 0.5 | O52: 1 | P52: 3 | Q52: 0.333 | R52: 9 | S52: 17 | T52: 0.529 | U52: 0.525 | V52: 6 | W52: 9 | X52: 0.667 | Y52: 2 | Z52: 3 | AA52: 5 | AB52: 4 | AC52: 2 | AD52: 1 | AE52: 3 | AF52: 4 | AG52: 27 | AH52: 19 | AI52: 2
A53: Anthony Davis | B53: 31 | C53: 595 | D53: 52 | E53: 44594 | F53: LAL | H53: POR | I53: W 99-94 | J53: * | K53: 1.5263889 | L53: 10 | M53: 18 | N53: 0.556 | O53: 0 | P53: 0 | R53: 10 | S53: 18 | T53: 0.556 | U53: 0.556 | V53: 10 | W53: 14 | X53: 0.714 | Y53: 3 | Z53: 12 | AA53: 15 | AB53: 2 | AC53: 0 | AD53: 3 | AE53: 3 | AF53: 5 | AG53: 30 | AH53: 24 | AI53: 2
A54: Anthony Davis | B54: 32 | C54: 596 | D54: 53 | E54: 44595 | F54: LAL | G54: @ | H54: LAC | I54: L 110-111 | J54: * | K54: 1.5756944 | L54: 12 | M54: 24 | N54: 0.5 | O54: 0 | P54: 2 | Q54: 0 | R54: 12 | S54: 22 | T54: 0.545 | U54: 0.5 | V54: 6 | W54: 7 | X54: 0.857 | Y54: 7 | Z54: 10 | AA54: 17 | AB54: 2 | AC54: 2 | AD54: 2 | AE54: 1 | AF54: 2 | AG54: 30 | AH54: 28.5 | AI54: -6
A55: Anthony Davis | B55: 33 | C55: 597 | D55: 54 | E55: 44597 | F55: LAL | H55: NYK | I55: W 122-115 (OT) | J55: * | K55: 1.7194444 | L55: 13 | M55: 19 | N55: 0.684 | O55: 0 | P55: 0 | R55: 13 | S55: 19 | T55: 0.684 | U55: 0.684 | V55: 2 | W55: 5 | X55: 0.4 | Y55: 7 | Z55: 10 | AA55: 17 | AB55: 3 | AC55: 3 | AD55: 4 | AE55: 2 | AF55: 3 | AG55: 28 | AH55: 31.3 | AI55: 9
A56: Anthony Davis | B56: 34 | C56: 598 | D56: 55 | E56: 44600 | F56: LAL | H56: MIL | I56: L 116-131 | J56: * | K56: 1.5430556 | L56: 8 | M56: 10 | N56: 0.8 | O56: 0 | P56: 0 | R56: 8 | S56: 10 | T56: 0.8 | U56: 0.8 | V56: 6 | W56: 10 | X56: 0.6 | Y56: 4 | Z56: 5 | AA56: 9 | AB56: 4 | AC56: 1 | AD56: 3 | AE56: 1 | AF56: 2 | AG56: 22 | AH56: 25 | AI56: -8
A57: Anthony Davis | B57: 35 | C57: 599 | D57: 56 | E57: 44601 | F57: LAL | G57: @ | H57: POR | I57: L 105-107 | J57: * | K57: 1.6979167 | L57: 8 | M57: 11 | N57: 0.727 | O57: 0 | P57: 1 | Q57: 0 | R57: 8 | S57: 10 | T57: 0.8 | U57: 0.727 | V57: 1 | W57: 4 | X57: 0.25 | Y57: 0 | Z57: 7 | AA57: 7 | AB57: 6 | AC57: 1 | AD57: 5 | AE57: 2 | AF57: 2 | AG57: 17 | AH57: 19.3 | AI57: -1
A58: Anthony Davis | B58: 36 | C58: 600 | D58: 57 | E58: 44604 | F58: LAL | G58: @ | H58: GSW | I58: L 115-117 | J58: * | K58: 1.4743056 | L58: 5 | M58: 13 | N58: 0.385 | O58: 0 | P58: 1 | Q58: 0 | R58: 5 | S58: 12 | T58: 0.417 | U58: 0.385 | V58: 6 | W58: 10 | X58: 0.6 | Y58: 2 | Z58: 5 | AA58: 7 | AB58: 4 | AC58: 0 | AD58: 3 | AE58: 0 | AF58: 3 | AG58: 16 | AH58: 13.9 | AI58: -6
A59: Anthony Davis | B59: 37 | C59: 601 | D59: 58 | E59: 44608 | F59: LAL | H59: UTA | I59: W 106-101 | J59: * | K59: 0.69305556 | L59: 7 | M59: 9 | N59: 0.778 | O59: 1 | P59: 1 | Q59: 1 | R59: 6 | S59: 8 | T59: 0.75 | U59: 0.833 | V59: 2 | W59: 2 | X59: 1 | Y59: 1 | Z59: 1 | AA59: 2 | AB59: 2 | AC59: 1 | AD59: 2 | AE59: 0 | AF59: 1 | AG59: 17 | AH59: 17.9 | AI59: -3
A60: Anthony Davis | B60: 37 | D60: 59 | E60: 44617 | F60: LAL | H60: LAC | I60: L 102-105 | J60: Inactive | K60: Inactive | L60: Inactive | M60: Inactive | N60: Inactive | O60: Inactive | P60: Inactive | Q60: Inactive | R60: Inactive | S60: Inactive | T60: Inactive | U60: Inactive | V60: Inactive | W60: Inactive | X60: Inactive | Y60: Inactive | Z60: Inactive | AA60: Inactive | AB60: Inactive | AC60: Inactive | AD60: Inactive | AE60: Inactive | AF60: Inactive | AG60: Inactive | AH60: Inactive | AI60: Inactive
A61: Anthony Davis | B61: 37 | D61: 60 | E61: 44619 | F61: LAL | H61: NOP | I61: L 95-123 | J61: Inactive | K61: Inactive | L61: Inactive | M61: Inactive | N61: Inactive | O61: Inactive | P61: Inactive | Q61: Inactive | R61: Inactive | S61: Inactive | T61: Inactive | U61: Inactive | V61: Inactive | W61: Inactive | X61: Inactive | Y61: Inactive | Z61: Inactive | AA61: Inactive | AB61: Inactive | AC61: Inactive | AD61: Inactive | AE61: Inactive | AF61: Inactive | AG61: Inactive | AH61: Inactive | AI61: Inactive
A62: Anthony Davis | B62: 37 | D62: 61 | E62: 44621 | F62: LAL | H62: DAL | I62: L 104-109 | J62: Inactive | K62: Inactive | L62: Inactive | M62: Inactive | N62: Inactive | O62: Inactive | P62: Inactive | Q62: Inactive | R62: Inactive | S62: Inactive | T62: Inactive | U62: Inactive | V62: Inactive | W62: Inactive | X62: Inactive | Y62: Inactive | Z62: Inactive | AA62: Inactive | AB62: Inactive | AC62: Inactive | AD62: Inactive | AE62: Inactive | AF62: Inactive | AG62: Inactive | AH62: Inactive | AI62: Inactive
A63: Anthony Davis | B63: 37 | D63: 62 | E63: 44623 | F63: LAL | G63: @ | H63: LAC | I63: L 111-132 | J63: Inactive | K63: Inactive | L63: Inactive | M63: Inactive | N63: Inactive | O63: Inactive | P63: Inactive | Q63: Inactive | R63: Inactive | S63: Inactive | T63: Inactive | U63: Inactive | V63: Inactive | W63: Inactive | X63: Inactive | Y63: Inactive | Z63: Inactive | AA63: Inactive | AB63: Inactive | AC63: Inactive | AD63: Inactive | AE63: Inactive | AF63: Inactive | AG63: Inactive | AH63: Inactive | AI63: Inactive
A64: Anthony Davis | B64: 37 | D64: 63 | E64: 44625 | F64: LAL | H64: GSW | I64: W 124-116 | J64: Inactive | K64: Inactive | L64: Inactive | M64: Inactive | N64: Inactive | O64: Inactive | P64: Inactive | Q64: Inactive | R64: Inactive | S64: Inactive | T64: Inactive | U64: Inactive | V64: Inactive | W64: Inactive | X64: Inactive | Y64: Inactive | Z64: Inactive | AA64: Inactive | AB64: Inactive | AC64: Inactive | AD64: Inactive | AE64: Inactive | AF64: Inactive | AG64: Inactive | AH64: Inactive | AI64: Inactive
A65: Anthony Davis | B65: 37 | D65: 64 | E65: 44627 | F65: LAL | G65: @ | H65: SAS | I65: L 110-117 | J65: Inactive | K65: Inactive | L65: Inactive | M65: Inactive | N65: Inactive | O65: Inactive | P65: Inactive | Q65: Inactive | R65: Inactive | S65: Inactive | T65: Inactive | U65: Inactive | V65: Inactive | W65: Inactive | X65: Inactive | Y65: Inactive | Z65: Inactive | AA65: Inactive | AB65: Inactive | AC65: Inactive | AD65: Inactive | AE65: Inactive | AF65: Inactive | AG65: Inactive | AH65: Inactive | AI65: Inactive
A66: Anthony Davis | B66: 37 | D66: 65 | E66: 44629 | F66: LAL | G66: @ | H66: HOU | I66: L 130-139 (OT) | J66: Inactive | K66: Inactive | L66: Inactive | M66: Inactive | N66: Inactive | O66: Inactive | P66: Inactive | Q66: Inactive | R66: Inactive | S66: Inactive | T66: Inactive | U66: Inactive | V66: Inactive | W66: Inactive | X66: Inactive | Y66: Inactive | Z66: Inactive | AA66: Inactive | AB66: Inactive | AC66: Inactive | AD66: Inactive | AE66: Inactive | AF66: Inactive | AG66: Inactive | AH66: Inactive | AI66: Inactive
A67: Anthony Davis | B67: 37 | D67: 66 | E67: 44631 | F67: LAL | H67: WAS | I67: W 122-109 | J67: Inactive | K67: Inactive | L67: Inactive | M67: Inactive | N67: Inactive | O67: Inactive | P67: Inactive | Q67: Inactive | R67: Inactive | S67: Inactive | T67: Inactive | U67: Inactive | V67: Inactive | W67: Inactive | X67: Inactive | Y67: Inactive | Z67: Inactive | AA67: Inactive | AB67: Inactive | AC67: Inactive | AD67: Inactive | AE67: Inactive | AF67: Inactive | AG67: Inactive | AH67: Inactive | AI67: Inactive
A68: Anthony Davis | B68: 37 | D68: 67 | E68: 44633 | F68: LAL | G68: @ | H68: PHO | I68: L 111-140 | J68: Inactive | K68: Inactive | L68: Inactive | M68: Inactive | N68: Inactive | O68: Inactive | P68: Inactive | Q68: Inactive | R68: Inactive | S68: Inactive | T68: Inactive | U68: Inactive | V68: Inactive | W68: Inactive | X68: Inactive | Y68: Inactive | Z68: Inactive | AA68: Inactive | AB68: Inactive | AC68: Inactive | AD68: Inactive | AE68: Inactive | AF68: Inactive | AG68: Inactive | AH68: Inactive | AI68: Inactive
A69: Anthony Davis | B69: 37 | D69: 68 | E69: 44634 | F69: LAL | H69: TOR | I69: L 103-114 | J69: Inactive | K69: Inactive | L69: Inactive | M69: Inactive | N69: Inactive | O69: Inactive | P69: Inactive | Q69: Inactive | R69: Inactive | S69: Inactive | T69: Inactive | U69: Inactive | V69: Inactive | W69: Inactive | X69: Inactive | Y69: Inactive | Z69: Inactive | AA69: Inactive | AB69: Inactive | AC69: Inactive | AD69: Inactive | AE69: Inactive | AF69: Inactive | AG69: Inactive | AH69: Inactive | AI69: Inactive
A70: Anthony Davis | B70: 37 | D70: 69 | E70: 44636 | F70: LAL | G70: @ | H70: MIN | I70: L 104-124 | J70: Inactive | K70: Inactive | L70: Inactive | M70: Inactive | N70: Inactive | O70: Inactive | P70: Inactive | Q70: Inactive | R70: Inactive | S70: Inactive | T70: Inactive | U70: Inactive | V70: Inactive | W70: Inactive | X70: Inactive | Y70: Inactive | Z70: Inactive | AA70: Inactive | AB70: Inactive | AC70: Inactive | AD70: Inactive | AE70: Inactive | AF70: Inactive | AG70: Inactive | AH70: Inactive | AI70: Inactive
A71: Anthony Davis | B71: 37 | D71: 70 | E71: 44638 | F71: LAL | G71: @ | H71: TOR | I71: W 128-123 (OT) | J71: Inactive | K71: Inactive | L71: Inactive | M71: Inactive | N71: Inactive | O71: Inactive | P71: Inactive | Q71: Inactive | R71: Inactive | S71: Inactive | T71: Inactive | U71: Inactive | V71: Inactive | W71: Inactive | X71: Inactive | Y71: Inactive | Z71: Inactive | AA71: Inactive | AB71: Inactive | AC71: Inactive | AD71: Inactive | AE71: Inactive | AF71: Inactive | AG71: Inactive | AH71: Inactive | AI71: Inactive
A72: Anthony Davis | B72: 37 | D72: 71 | E72: 44639 | F72: LAL | G72: @ | H72: WAS | I72: L 119-127 | J72: Inactive | K72: Inactive | L72: Inactive | M72: Inactive | N72: Inactive | O72: Inactive | P72: Inactive | Q72: Inactive | R72: Inactive | S72: Inactive | T72: Inactive | U72: Inactive | V72: Inactive | W72: Inactive | X72: Inactive | Y72: Inactive | Z72: Inactive | AA72: Inactive | AB72: Inactive | AC72: Inactive | AD72: Inactive | AE72: Inactive | AF72: Inactive | AG72: Inactive | AH72: Inactive | AI72: Inactive
A73: Anthony Davis | B73: 37 | D73: 72 | E73: 44641 | F73: LAL | G73: @ | H73: CLE | I73: W 131-120 | J73: Inactive | K73: Inactive | L73: Inactive | M73: Inactive | N73: Inactive | O73: Inactive | P73: Inactive | Q73: Inactive | R73: Inactive | S73: Inactive | T73: Inactive | U73: Inactive | V73: Inactive | W73: Inactive | X73: Inactive | Y73: Inactive | Z73: Inactive | AA73: Inactive | AB73: Inactive | AC73: Inactive | AD73: Inactive | AE73: Inactive | AF73: Inactive | AG73: Inactive | AH73: Inactive | AI73: Inactive
A74: Anthony Davis | B74: 37 | D74: 73 | E74: 44643 | F74: LAL | H74: PHI | I74: L 121-126 | J74: Inactive | K74: Inactive | L74: Inactive | M74: Inactive | N74: Inactive | O74: Inactive | P74: Inactive | Q74: Inactive | R74: Inactive | S74: Inactive | T74: Inactive | U74: Inactive | V74: Inactive | W74: Inactive | X74: Inactive | Y74: Inactive | Z74: Inactive | AA74: Inactive | AB74: Inactive | AC74: Inactive | AD74: Inactive | AE74: Inactive | AF74: Inactive | AG74: Inactive | AH74: Inactive | AI74: Inactive
A75: Anthony Davis | B75: 37 | D75: 74 | E75: 44647 | F75: LAL | G75: @ | H75: NOP | I75: L 108-116 | J75: Inactive | K75: Inactive | L75: Inactive | M75: Inactive | N75: Inactive | O75: Inactive | P75: Inactive | Q75: Inactive | R75: Inactive | S75: Inactive | T75: Inactive | U75: Inactive | V75: Inactive | W75: Inactive | X75: Inactive | Y75: Inactive | Z75: Inactive | AA75: Inactive | AB75: Inactive | AC75: Inactive | AD75: Inactive | AE75: Inactive | AF75: Inactive | AG75: Inactive | AH75: Inactive | AI75: Inactive
A76: Anthony Davis | B76: 37 | D76: 75 | E76: 44649 | F76: LAL | G76: @ | H76: DAL | I76: L 110-128 | J76: Inactive | K76: Inactive | L76: Inactive | M76: Inactive | N76: Inactive | O76: Inactive | P76: Inactive | Q76: Inactive | R76: Inactive | S76: Inactive | T76: Inactive | U76: Inactive | V76: Inactive | W76: Inactive | X76: Inactive | Y76: Inactive | Z76: Inactive | AA76: Inactive | AB76: Inactive | AC76: Inactive | AD76: Inactive | AE76: Inactive | AF76: Inactive | AG76: Inactive | AH76: Inactive | AI76: Inactive
A77: Anthony Davis | B77: 37 | D77: 76 | E77: 44651 | F77: LAL | G77: @ | H77: UTA | I77: L 109-122 | J77: Inactive | K77: Inactive | L77: Inactive | M77: Inactive | N77: Inactive | O77: Inactive | P77: Inactive | Q77: Inactive | R77: Inactive | S77: Inactive | T77: Inactive | U77: Inactive | V77: Inactive | W77: Inactive | X77: Inactive | Y77: Inactive | Z77: Inactive | AA77: Inactive | AB77: Inactive | AC77: Inactive | AD77: Inactive | AE77: Inactive | AF77: Inactive | AG77: Inactive | AH77: Inactive | AI77: Inactive
A78: Anthony Davis | B78: 38 | C78: 602 | D78: 77 | E78: 44652 | F78: LAL | H78: NOP | I78: L 111-114 | J78: * | K78: 1.5291667 | L78: 8 | M78: 17 | N78: 0.471 | O78: 1 | P78: 2 | Q78: 0.5 | R78: 7 | S78: 15 | T78: 0.467 | U78: 0.5 | V78: 6 | W78: 9 | X78: 0.667 | Y78: 0 | Z78: 12 | AA78: 12 | AB78: 6 | AC78: 1 | AD78: 0 | AE78: 2 | AF78: 4 | AG78: 23 | AH78: 18.3 | AI78: 4
A79: Anthony Davis | B79: 39 | C79: 603 | D79: 78 | E79: 44654 | F79: LAL | H79: DEN | I79: L 118-129 | J79: * | K79: 1.4409722 | L79: 11 | M79: 25 | N79: 0.44 | O79: 0 | P79: 0 | R79: 11 | S79: 25 | T79: 0.44 | U79: 0.44 | V79: 6 | W79: 6 | X79: 1 | Y79: 1 | Z79: 8 | AA79: 9 | AB79: 8 | AC79: 2 | AD79: 3 | AE79: 2 | AF79: 0 | AG79: 28 | AH79: 25.7 | AI79: -10
A80: Anthony Davis | B80: 40 | C80: 604 | D80: 79 | E80: 44656 | F80: LAL | G80: @ | H80: PHO | I80: L 110-121 | J80: * | K80: 1.4798611 | L80: 10 | M80: 18 | N80: 0.556 | O80: 0 | P80: 2 | Q80: 0 | R80: 10 | S80: 16 | T80: 0.625 | U80: 0.556 | V80: 1 | W80: 2 | X80: 0.5 | Y80: 1 | Z80: 12 | AA80: 13 | AB80: 1 | AC80: 1 | AD80: 1 | AE80: 2 | AF80: 0 | AG80: 21 | AH80: 16.7 | AI80: -19
A81: Anthony Davis | B81: 40 | D81: 80 | E81: 44658 | F81: LAL | G81: @ | H81: GSW | I81: L 112-128 | J81: Inactive | K81: Inactive | L81: Inactive | M81: Inactive | N81: Inactive | O81: Inactive | P81: Inactive | Q81: Inactive | R81: Inactive | S81: Inactive | T81: Inactive | U81: Inactive | V81: Inactive | W81: Inactive | X81: Inactive | Y81: Inactive | Z81: Inactive | AA81: Inactive | AB81: Inactive | AC81: Inactive | AD81: Inactive | AE81: Inactive | AF81: Inactive | AG81: Inactive | AH81: Inactive | AI81: Inactive
A82: Anthony Davis | B82: 40 | D82: 81 | E82: 44659 | F82: LAL | H82: OKC | I82: W 120-101 | J82: Inactive | K82: Inactive | L82: Inactive | M82: Inactive | N82: Inactive | O82: Inactive | P82: Inactive | Q82: Inactive | R82: Inactive | S82: Inactive | T82: Inactive | U82: Inactive | V82: Inactive | W82: Inactive | X82: Inactive | Y82: Inactive | Z82: Inactive | AA82: Inactive | AB82: Inactive | AC82: Inactive | AD82: Inactive | AE82: Inactive | AF82: Inactive | AG82: Inactive | AH82: Inactive | AI82: Inactive
A83: Anthony Davis | B83: 40 | D83: 82 | E83: 44661 | F83: LAL | G83: @ | H83: DEN | I83: W 146-141 (OT) | J83: Inactive | K83: Inactive | L83: Inactive | M83: Inactive | N83: Inactive | O83: Inactive | P83: Inactive | Q83: Inactive | R83: Inactive | S83: Inactive | T83: Inactive | U83: Inactive | V83: Inactive | W83: Inactive | X83: Inactive | Y83: Inactive | Z83: Inactive | AA83: Inactive | AB83: Inactive | AC83: Inactive | AD83: Inactive | AE83: Inactive | AF83: Inactive | AG83: Inactive | AH83: Inactive | AI83: Inactive

Sheet cp3
A1: Player | B1: Rk | C1: Gcar | D1: Gtm | E1: Date | F1: Team | H1: Opp | I1: Result | J1: GS | K1: MP | L1: FG | M1: FGA | N1: FG% | O1: 3P | P1: 3PA | Q1: 3P% | R1: 2P | S1: 2PA | T1: 2P% | U1: eFG% | V1: FT | W1: FTA | X1: FT% | Y1: ORB | Z1: DRB | AA1: TRB | AB1: AST | AC1: STL | AD1: BLK | AE1: TOV | AF1: PF | AG1: PTS | AH1: GmSc | AI1: +/-
A2: Chris Paul | B2: 1 | C2: 1091 | D2: 1 | E2: 44489 | F2: PHO | H2: DEN | I2: L 98-110 | J2: * | K2: 1.4006944 | L2: 6 | M2: 11 | N2: 0.545 | O2: 2 | P2: 4 | Q2: 0.5 | R2: 4 | S2: 7 | T2: 0.571 | U2: 0.636 | V2: 1 | W2: 2 | X2: 0.5 | Y2: 2 | Z2: 2 | AA2: 4 | AB2: 10 | AC2: 2 | AD2: 1 | AE2: 3 | AF2: 3 | AG2: 15 | AH2: 16.8 | AI2: -23
A3: Chris Paul | B3: 2 | C3: 1092 | D3: 2 | E3: 44491 | F3: PHO | G3: @ | H3: LAL | I3: W 115-105 | J3: * | K3: 1.2180556 | L3: 6 | M3: 12 | N3: 0.5 | O3: 1 | P3: 4 | Q3: 0.25 | R3: 5 | S3: 8 | T3: 0.625 | U3: 0.542 | V3: 10 | W3: 10 | X3: 1 | Y3: 0 | Z3: 5 | AA3: 5 | AB3: 14 | AC3: 2 | AD3: 0 | AE3: 5 | AF3: 3 | AG3: 23 | AH3: 24.1 | AI3: 6
A4: Chris Paul | B4: 3 | C4: 1093 | D4: 3 | E4: 44492 | F4: PHO | G4: @ | H4: POR | I4: L 105-134 | J4: * | K4: 1.0625 | L4: 2 | M4: 5 | N4: 0.4 | O4: 0 | P4: 2 | Q4: 0 | R4: 2 | S4: 3 | T4: 0.667 | U4: 0.4 | V4: 0 | W4: 0 | Y4: 0 | Z4: 2 | AA4: 2 | AB4: 11 | AC4: 1 | AD4: 0 | AE4: 1 | AF4: 0 | AG4: 4 | AH4: 9.6 | AI4: -29
A5: Chris Paul | B5: 4 | C5: 1094 | D5: 4 | E5: 44496 | F5: PHO | H5: SAC | I5: L 107-110 | J5: * | K5: 1.2388889 | L5: 1 | M5: 10 | N5: 0.1 | O5: 0 | P5: 0 | R5: 1 | S5: 10 | T5: 0.1 | U5: 0.1 | V5: 4 | W5: 4 | X5: 1 | Y5: 3 | Z5: 3 | AA5: 6 | AB5: 8 | AC5: 2 | AD5: 0 | AE5: 1 | AF5: 2 | AG5: 6 | AH5: 8.2 | AI5: -10
A6: Chris Paul | B6: 5 | C6: 1095 | D6: 5 | E6: 44499 | F6: PHO | H6: CLE | I6: W 101-92 | J6: * | K6: 1.5305556 | L6: 6 | M6: 10 | N6: 0.6 | O6: 2 | P6: 2 | Q6: 1 | R6: 4 | S6: 8 | T6: 0.5 | U6: 0.7 | V6: 2 | W6: 6 | X6: 0.333 | Y6: 0 | Z6: 2 | AA6: 2 | AB6: 10 | AC6: 4 | AD6: 0 | AE6: 2 | AF6: 2 | AG6: 16 | AH6: 18.6 | AI6: 18
A7: Chris Paul | B7: 6 | C7: 1096 | D7: 6 | E7: 44502 | F7: PHO | H7: NOP | I7: W 112-100 | J7: * | K7: 1.5027778 | L7: 6 | M7: 8 | N7: 0.75 | O7: 0 | P7: 0 | R7: 6 | S7: 8 | T7: 0.75 | U7: 0.75 | V7: 2 | W7: 2 | X7: 1 | Y7: 0 | Z7: 7 | AA7: 7 | AB7: 18 | AC7: 1 | AD7: 1 | AE7: 4 | AF7: 3 | AG7: 14 | AH7: 22 | AI7: 16
A8: Chris Paul | B8: 7 | C8: 1097 | D8: 7 | E8: 44504 | F8: PHO | H8: HOU | I8: W 123-111 | J8: * | K8: 1.4326389 | L8: 3 | M8: 10 | N8: 0.3 | O8: 1 | P8: 5 | Q8: 0.2 | R8: 2 | S8: 5 | T8: 0.4 | U8: 0.35 | V8: 2 | W8: 2 | X8: 1 | Y8: 0 | Z8: 5 | AA8: 5 | AB8: 13 | AC8: 5 | AD8: 2 | AE8: 2 | AF8: 3 | AG8: 9 | AH8: 17 | AI8: 12
A9: Chris Paul | B9: 8 | C9: 1098 | D9: 8 | E9: 44506 | F9: PHO | H9: ATL | I9: W 121-117 | J9: * | K9: 1.4770833 | L9: 5 | M9: 8 | N9: 0.625 | O9: 1 | P9: 2 | Q9: 0.5 | R9: 4 | S9: 6 | T9: 0.667 | U9: 0.688 | V9: 5 | W9: 6 | X9: 0.833 | Y9: 0 | Z9: 6 | AA9: 6 | AB9: 13 | AC9: 1 | AD9: 1 | AE9: 2 | AF9: 1 | AG9: 16 | AH9: 22.2 | AI9: 26
A10: Chris Paul | B10: 9 | C10: 1099 | D10: 9 | E10: 44508 | F10: PHO | G10: @ | H10: SAC | I10: W 109-104 | J10: * | K10: 1.0763889 | L10: 6 | M10: 12 | N10: 0.5 | O10: 2 | P10: 3 | Q10: 0.667 | R10: 4 | S10: 9 | T10: 0.444 | U10: 0.583 | V10: 2 | W10: 2 | X10: 1 | Y10: 0 | Z10: 3 | AA10: 3 | AB10: 5 | AC10: 3 | AD10: 0 | AE10: 2 | AF10: 1 | AG10: 16 | AH10: 15 | AI10: 7
A11: Chris Paul | B11: 10 | C11: 1100 | D11: 10 | E11: 44510 | F11: PHO | H11: POR | I11: W 119-109 | J11: * | K11: 1.5270833 | L11: 9 | M11: 16 | N11: 0.563 | O11: 1 | P11: 3 | Q11: 0.333 | R11: 8 | S11: 13 | T11: 0.615 | U11: 0.594 | V11: 2 | W11: 3 | X11: 0.667 | Y11: 1 | Z11: 3 | AA11: 4 | AB11: 7 | AC11: 0 | AD11: 1 | AE11: 2 | AF11: 2 | AG11: 21 | AH11: 17.4 | AI11: 4
A12: Chris Paul | B12: 11 | C12: 1101 | D12: 11 | E12: 44512 | F12: PHO | G12: @ | H12: MEM | I12: W 119-94 | J12: * | K12: 1.1520833 | L12: 6 | M12: 12 | N12: 0.5 | O12: 0 | P12: 2 | Q12: 0 | R12: 6 | S12: 10 | T12: 0.6 | U12: 0.5 | V12: 3 | W12: 3 | X12: 1 | Y12: 0 | Z12: 4 | AA12: 4 | AB12: 12 | AC12: 5 | AD12: 0 | AE12: 2 | AF12: 2 | AG12: 15 | AH12: 20.8 | AI12: 20
A13: Chris Paul | B13: 12 | C13: 1102 | D13: 12 | E13: 44514 | F13: PHO | G13: @ | H13: HOU | I13: W 115-89 | J13: * | K13: 1.2291667 | L13: 6 | M13: 11 | N13: 0.545 | O13: 2 | P13: 5 | Q13: 0.4 | R13: 4 | S13: 6 | T13: 0.667 | U13: 0.636 | V13: 1 | W13: 1 | X13: 1 | Y13: 0 | Z13: 3 | AA13: 3 | AB13: 4 | AC13: 7 | AD13: 0 | AE13: 2 | AF13: 2 | AG13: 15 | AH13: 17.6 | AI13: 25
A14: Chris Paul | B14: 13 | C14: 1103 | D14: 13 | E14: 44515 | F14: PHO | G14: @ | H14: MIN | I14: W 99-96 | J14: * | K14: 1.4 | L14: 6 | M14: 14 | N14: 0.429 | O14: 2 | P14: 5 | Q14: 0.4 | R14: 4 | S14: 9 | T14: 0.444 | U14: 0.5 | V14: 7 | W14: 7 | X14: 1 | Y14: 0 | Z14: 3 | AA14: 3 | AB14: 8 | AC14: 1 | AD14: 0 | AE14: 3 | AF14: 1 | AG14: 21 | AH14: 17.7 | AI14: -13
A15: Chris Paul | B15: 14 | C15: 1104 | D15: 14 | E15: 44517 | F15: PHO | H15: DAL | I15: W 105-98 | J15: * | K15: 1.5347222 | L15: 2 | M15: 12 | N15: 0.167 | O15: 0 | P15: 6 | Q15: 0 | R15: 2 | S15: 6 | T15: 0.333 | U15: 0.167 | V15: 3 | W15: 4 | X15: 0.75 | Y15: 0 | Z15: 4 | AA15: 4 | AB15: 14 | AC15: 0 | AD15: 0 | AE15: 0 | AF15: 2 | AG15: 7 | AH15: 9.2 | AI15: 1
A16: Chris Paul | B16: 15 | C16: 1105 | D16: 15 | E16: 44519 | F16: PHO | H16: DAL | I16: W 112-104 | J16: * | K16: 1.3972222 | L16: 7 | M16: 14 | N16: 0.5 | O16: 2 | P16: 4 | Q16: 0.5 | R16: 5 | S16: 10 | T16: 0.5 | U16: 0.571 | V16: 2 | W16: 2 | X16: 1 | Y16: 0 | Z16: 5 | AA16: 5 | AB16: 14 | AC16: 3 | AD16: 0 | AE16: 5 | AF16: 2 | AG16: 18 | AH16: 19.5 | AI16: 10
A17: Chris Paul | B17: 16 | C17: 1106 | D17: 16 | E17: 44521 | F17: PHO | H17: DEN | I17: W 126-97 | J17: * | K17: 1.0152778 | L17: 2 | M17: 4 | N17: 0.5 | O17: 0 | P17: 2 | Q17: 0 | R17: 2 | S17: 2 | T17: 1 | U17: 0.5 | V17: 5 | W17: 5 | X17: 1 | Y17: 0 | Z17: 3 | AA17: 3 | AB17: 10 | AC17: 0 | AD17: 0 | AE17: 0 | AF17: 3 | AG17: 9 | AH17: 13.7 | AI17: 7
A18: Chris Paul | B18: 17 | C18: 1107 | D18: 17 | E18: 44522 | F18: PHO | G18: @ | H18: SAS | I18: W 115-111 | J18: * | K18: 1.275 | L18: 6 | M18: 12 | N18: 0.5 | O18: 0 | P18: 2 | Q18: 0 | R18: 6 | S18: 10 | T18: 0.6 | U18: 0.5 | V18: 0 | W18: 0 | Y18: 0 | Z18: 2 | AA18: 2 | AB18: 4 | AC18: 1 | AD18: 0 | AE18: 3 | AF18: 1 | AG18: 12 | AH18: 7 | AI18: -14
A19: Chris Paul | B19: 18 | C19: 1108 | D19: 18 | E19: 44524 | F19: PHO | G19: @ | H19: CLE | I19: W 120-115 | J19: * | K19: 1.3451389 | L19: 4 | M19: 8 | N19: 0.5 | O19: 2 | P19: 3 | Q19: 0.667 | R19: 2 | S19: 5 | T19: 0.4 | U19: 0.625 | V19: 7 | W19: 8 | X19: 0.875 | Y19: 0 | Z19: 2 | AA19: 2 | AB19: 12 | AC19: 0 | AD19: 0 | AE19: 3 | AF19: 3 | AG19: 17 | AH19: 17.4 | AI19: 23
A20: Chris Paul | B20: 19 | C20: 1109 | D20: 19 | E20: 44526 | F20: PHO | G20: @ | H20: NYK | I20: W 118-97 | J20: * | K20: 1.2597222 | L20: 3 | M20: 6 | N20: 0.5 | O20: 1 | P20: 1 | Q20: 1 | R20: 2 | S20: 5 | T20: 0.4 | U20: 0.583 | V20: 7 | W20: 9 | X20: 0.778 | Y20: 0 | Z20: 4 | AA20: 4 | AB20: 10 | AC20: 1 | AD20: 0 | AE20: 2 | AF20: 1 | AG20: 14 | AH20: 17 | AI20: 7
A21: Chris Paul | B21: 20 | C21: 1110 | D21: 20 | E21: 44527 | F21: PHO | G21: @ | H21: BRK | I21: W 113-107 | J21: * | K21: 1.4979167 | L21: 9 | M21: 19 | N21: 0.474 | O21: 3 | P21: 8 | Q21: 0.375 | R21: 6 | S21: 11 | T21: 0.545 | U21: 0.553 | V21: 1 | W21: 2 | X21: 0.5 | Y21: 0 | Z21: 8 | AA21: 8 | AB21: 5 | AC21: 0 | AD21: 0 | AE21: 2 | AF21: 1 | AG21: 22 | AH21: 15.4 | AI21: -1
A22: Chris Paul | B22: 21 | C22: 1111 | D22: 21 | E22: 44530 | F22: PHO | H22: GSW | I22: W 104-96 | J22: * | K22: 1.6423611 | L22: 7 | M22: 13 | N22: 0.538 | O22: 1 | P22: 3 | Q22: 0.333 | R22: 6 | S22: 10 | T22: 0.6 | U22: 0.577 | V22: 0 | W22: 0 | Y22: 0 | Z22: 6 | AA22: 6 | AB22: 11 | AC22: 5 | AD22: 0 | AE22: 2 | AF22: 3 | AG22: 15 | AH22: 20 | AI22: 21
A23: Chris Paul | B23: 22 | C23: 1112 | D23: 22 | E23: 44532 | F23: PHO | H23: DET | I23: W 114-103 | J23: * | K23: 1.3881944 | L23: 4 | M23: 7 | N23: 0.571 | O23: 0 | P23: 0 | R23: 4 | S23: 7 | T23: 0.571 | U23: 0.571 | V23: 4 | W23: 4 | X23: 1 | Y23: 0 | Z23: 1 | AA23: 1 | AB23: 12 | AC23: 2 | AD23: 0 | AE23: 3 | AF23: 4 | AG23: 12 | AH23: 14.8 | AI23: 2
A24: Chris Paul | B24: 23 | C24: 1113 | D24: 23 | E24: 44533 | F24: PHO | G24: @ | H24: GSW | I24: L 96-118 | J24: * | K24: 1.3486111 | L24: 4 | M24: 8 | N24: 0.5 | O24: 0 | P24: 2 | Q24: 0 | R24: 4 | S24: 6 | T24: 0.667 | U24: 0.5 | V24: 4 | W24: 6 | X24: 0.667 | Y24: 0 | Z24: 3 | AA24: 3 | AB24: 8 | AC24: 1 | AD24: 0 | AE24: 4 | AF24: 0 | AG24: 12 | AH24: 10.7 | AI24: -14
A25: Chris Paul | B25: 24 | C25: 1114 | D25: 24 | E25: 44536 | F25: PHO | H25: SAS | I25: W 108-104 | J25: * | K25: 1.4770833 | L25: 9 | M25: 18 | N25: 0.5 | O25: 2 | P25: 5 | Q25: 0.4 | R25: 7 | S25: 13 | T25: 0.538 | U25: 0.556 | V25: 1 | W25: 3 | X25: 0.333 | Y25: 0 | Z25: 3 | AA25: 3 | AB25: 10 | AC25: 1 | AD25: 1 | AE25: 3 | AF25: 3 | AG25: 21 | AH25: 16.6 | AI25: 4
A26: Chris Paul | B26: 25 | C26: 1115 | D26: 25 | E26: 44540 | F26: PHO | H26: BOS | I26: W 111-90 | J26: * | K26: 1.2381944 | L26: 4 | M26: 9 | N26: 0.444 | O26: 0 | P26: 2 | Q26: 0 | R26: 4 | S26: 7 | T26: 0.571 | U26: 0.444 | V26: 2 | W26: 2 | X26: 1 | Y26: 1 | Z26: 2 | AA26: 3 | AB26: 12 | AC26: 1 | AD26: 2 | AE26: 1 | AF26: 4 | AG26: 10 | AH26: 14.8 | AI26: 20
A27: Chris Paul | B27: 26 | C27: 1116 | D27: 26 | E27: 44543 | F27: PHO | G27: @ | H27: LAC | I27: L 95-111 | J27: * | K27: 1.3875 | L27: 4 | M27: 14 | N27: 0.286 | O27: 0 | P27: 2 | Q27: 0 | R27: 4 | S27: 12 | T27: 0.333 | U27: 0.286 | V27: 1 | W27: 2 | X27: 0.5 | Y27: 0 | Z27: 2 | AA27: 2 | AB27: 8 | AC27: 3 | AD27: 0 | AE27: 2 | AF27: 3 | AG27: 9 | AH27: 6.4 | AI27: -15
A28: Chris Paul | B28: 27 | C28: 1117 | D28: 27 | E28: 44544 | F28: PHO | G28: @ | H28: POR | I28: W 111-107 (OT) | J28: * | K28: 1.7125 | L28: 10 | M28: 19 | N28: 0.526 | O28: 1 | P28: 1 | Q28: 1 | R28: 9 | S28: 18 | T28: 0.5 | U28: 0.553 | V28: 3 | W28: 4 | X28: 0.75 | Y28: 0 | Z28: 8 | AA28: 8 | AB28: 14 | AC28: 3 | AD28: 0 | AE28: 3 | AF28: 4 | AG28: 24 | AH28: 24.9 | AI28: 6
A29: Chris Paul | B29: 28 | C29: 1118 | D29: 28 | E29: 44546 | F29: PHO | H29: WAS | I29: W 118-98 | J29: * | K29: 0.97916667 | L29: 6 | M29: 8 | N29: 0.75 | O29: 0 | P29: 1 | Q29: 0 | R29: 6 | S29: 7 | T29: 0.857 | U29: 0.75 | V29: 0 | W29: 0 | Y29: 0 | Z29: 5 | AA29: 5 | AB29: 6 | AC29: 2 | AD29: 0 | AE29: 3 | AF29: 1 | AG29: 12 | AH29: 13.1 | AI29: 14
A30: Chris Paul | B30: 29 | C30: 1119 | D30: 29 | E30: 44549 | F30: PHO | H30: CHO | I30: W 137-106 | J30: * | K30: 1.0034722 | L30: 6 | M30: 9 | N30: 0.667 | O30: 2 | P30: 4 | Q30: 0.5 | R30: 4 | S30: 5 | T30: 0.8 | U30: 0.778 | V30: 0 | W30: 0 | Y30: 0 | Z30: 2 | AA30: 2 | AB30: 9 | AC30: 1 | AD30: 0 | AE30: 1 | AF30: 2 | AG30: 14 | AH30: 16.2 | AI30: 24
A31: Chris Paul | B31: 30 | C31: 1120 | D31: 30 | E31: 44551 | F31: PHO | G31: @ | H31: LAL | I31: W 108-90 | J31: * | K31: 1.1972222 | L31: 5 | M31: 8 | N31: 0.625 | O31: 0 | P31: 2 | Q31: 0 | R31: 5 | S31: 6 | T31: 0.833 | U31: 0.625 | V31: 1 | W31: 1 | X31: 1 | Y31: 0 | Z31: 3 | AA31: 3 | AB31: 9 | AC31: 1 | AD31: 0 | AE31: 2 | AF31: 2 | AG31: 11 | AH31: 12.8 | AI31: 14
A32: Chris Paul | B32: 31 | C32: 1121 | D32: 31 | E32: 44553 | F32: PHO | H32: OKC | I32: W 113-101 | J32: * | K32: 1.3201389 | L32: 7 | M32: 14 | N32: 0.5 | O32: 1 | P32: 6 | Q32: 0.167 | R32: 6 | S32: 8 | T32: 0.75 | U32: 0.536 | V32: 1 | W32: 2 | X32: 0.5 | Y32: 0 | Z32: 5 | AA32: 5 | AB32: 7 | AC32: 3 | AD32: 0 | AE32: 2 | AF32: 3 | AG32: 16 | AH32: 14.8 | AI32: -2
A33: Chris Paul | B33: 32 | C33: 1122 | D33: 32 | E33: 44555 | F33: PHO | H33: GSW | I33: L 107-116 | J33: * | K33: 1.5645833 | L33: 7 | M33: 14 | N33: 0.5 | O33: 2 | P33: 4 | Q33: 0.5 | R33: 5 | S33: 10 | T33: 0.5 | U33: 0.571 | V33: 5 | W33: 5 | X33: 1 | Y33: 1 | Z33: 5 | AA33: 6 | AB33: 8 | AC33: 0 | AD33: 0 | AE33: 2 | AF33: 2 | AG33: 21 | AH33: 19 | AI33: -5
A34: Chris Paul | B34: 33 | C34: 1123 | D34: 33 | E34: 44557 | F34: PHO | H34: MEM | I34: L 113-114 | J34: * | K34: 1.475 | L34: 4 | M34: 13 | N34: 0.308 | O34: 0 | P34: 3 | Q34: 0 | R34: 4 | S34: 10 | T34: 0.4 | U34: 0.308 | V34: 5 | W34: 5 | X34: 1 | Y34: 0 | Z34: 6 | AA34: 6 | AB34: 13 | AC34: 3 | AD34: 0 | AE34: 3 | AF34: 2 | AG34: 13 | AH34: 15.6 | AI34: -5
A35: Chris Paul | B35: 34 | C35: 1124 | D35: 34 | E35: 44559 | F35: PHO | H35: OKC | I35: W 115-97 | J35: * | K35: 1.3215278 | L35: 4 | M35: 9 | N35: 0.444 | O35: 0 | P35: 1 | Q35: 0 | R35: 4 | S35: 8 | T35: 0.5 | U35: 0.444 | V35: 2 | W35: 2 | X35: 1 | Y35: 2 | Z35: 3 | AA35: 5 | AB35: 5 | AC35: 2 | AD35: 0 | AE35: 2 | AF35: 1 | AG35: 10 | AH35: 10.7 | AI35: 0
A36: Chris Paul | B36: 35 | C36: 1125 | D36: 35 | E36: 44561 | F36: PHO | G36: @ | H36: BOS | I36: L 108-123 | J36: * | K36: 1.4076389 | L36: 6 | M36: 15 | N36: 0.4 | O36: 2 | P36: 6 | Q36: 0.333 | R36: 4 | S36: 9 | T36: 0.444 | U36: 0.467 | V36: 0 | W36: 0 | Y36: 1 | Z36: 4 | AA36: 5 | AB36: 8 | AC36: 2 | AD36: 0 | AE36: 2 | AF36: 2 | AG36: 14 | AH36: 12.6 | AI36: 4
A37: Chris Paul | B37: 36 | C37: 1126 | D37: 36 | E37: 44563 | F37: PHO | G37: @ | H37: CHO | I37: W 133-99 | J37: * | K37: 1.0965278 | L37: 3 | M37: 6 | N37: 0.5 | O37: 1 | P37: 3 | Q37: 0.333 | R37: 2 | S37: 3 | T37: 0.667 | U37: 0.583 | V37: 0 | W37: 0 | Y37: 0 | Z37: 6 | AA37: 6 | AB37: 16 | AC37: 1 | AD37: 0 | AE37: 1 | AF37: 2 | AG37: 7 | AH37: 16.2 | AI37: 34
A38: Chris Paul | B38: 37 | C38: 1127 | D38: 37 | E38: 44565 | F38: PHO | G38: @ | H38: NOP | I38: W 123-110 | J38: * | K38: 1.4673611 | L38: 5 | M38: 11 | N38: 0.455 | O38: 1 | P38: 2 | Q38: 0.5 | R38: 4 | S38: 9 | T38: 0.444 | U38: 0.5 | V38: 0 | W38: 0 | Y38: 0 | Z38: 5 | AA38: 5 | AB38: 15 | AC38: 0 | AD38: 0 | AE38: 3 | AF38: 1 | AG38: 11 | AH38: 13.9 | AI38: 23
A39: Chris Paul | B39: 38 | C39: 1128 | D39: 38 | E39: 44567 | F39: PHO | H39: LAC | I39: W 106-89 | J39: * | K39: 1.43125 | L39: 5 | M39: 14 | N39: 0.357 | O39: 2 | P39: 5 | Q39: 0.4 | R39: 3 | S39: 9 | T39: 0.333 | U39: 0.429 | V39: 2 | W39: 2 | X39: 1 | Y39: 3 | Z39: 10 | AA39: 13 | AB39: 10 | AC39: 2 | AD39: 1 | AE39: 1 | AF39: 3 | AG39: 14 | AH39: 18.8 | AI39: 4
A40: Chris Paul | B40: 39 | C40: 1129 | D40: 39 | E40: 44569 | F40: PHO | H40: MIA | I40: L 100-123 | J40: * | K40: 1.3423611 | L40: 3 | M40: 9 | N40: 0.333 | O40: 1 | P40: 1 | Q40: 1 | R40: 2 | S40: 8 | T40: 0.25 | U40: 0.389 | V40: 2 | W40: 3 | X40: 0.667 | Y40: 0 | Z40: 2 | AA40: 2 | AB40: 7 | AC40: 1 | AD40: 0 | AE40: 4 | AF40: 3 | AG40: 9 | AH40: 4.8 | AI40: -10
A41: Chris Paul | B41: 40 | C41: 1130 | D41: 40 | E41: 44572 | F41: PHO | G41: @ | H41: TOR | I41: W 99-95 | J41: * | K41: 1.3854167 | L41: 6 | M41: 11 | N41: 0.545 | O41: 1 | P41: 3 | Q41: 0.333 | R41: 5 | S41: 8 | T41: 0.625 | U41: 0.591 | V41: 2 | W41: 2 | X41: 1 | Y41: 0 | Z41: 2 | AA41: 2 | AB41: 12 | AC41: 5 | AD41: 0 | AE41: 2 | AF41: 3 | AG41: 15 | AH41: 20.5 | AI41: 16
A42: Chris Paul | B42: 41 | C42: 1131 | D42: 41 | E42: 44575 | F42: PHO | G42: @ | H42: IND | I42: W 112-94 | J42: * | K42: 1.3722222 | L42: 5 | M42: 10 | N42: 0.5 | O42: 0 | P42: 2 | Q42: 0 | R42: 5 | S42: 8 | T42: 0.625 | U42: 0.5 | V42: 2 | W42: 2 | X42: 1 | Y42: 0 | Z42: 3 | AA42: 3 | AB42: 9 | AC42: 2 | AD42: 1 | AE42: 4 | AF42: 2 | AG42: 12 | AH42: 12.1 | AI42: 15
A43: Chris Paul | B43: 42 | C43: 1132 | D43: 42 | E43: 44577 | F43: PHO | G43: @ | H43: DET | I43: W 135-108 | J43: * | K43: 1.125 | L43: 4 | M43: 10 | N43: 0.4 | O43: 0 | P43: 0 | R43: 4 | S43: 10 | T43: 0.4 | U43: 0.4 | V43: 2 | W43: 2 | X43: 1 | Y43: 0 | Z43: 6 | AA43: 6 | AB43: 6 | AC43: 1 | AD43: 1 | AE43: 2 | AF43: 4 | AG43: 10 | AH43: 8.7 | AI43: 23
A44: Chris Paul | B44: 43 | C44: 1133 | D44: 43 | E44: 44578 | F44: PHO | G44: @ | H44: SAS | I44: W 121-107 | J44: * | K44: 1.3486111 | L44: 7 | M44: 12 | N44: 0.583 | O44: 1 | P44: 4 | Q44: 0.25 | R44: 6 | S44: 8 | T44: 0.75 | U44: 0.625 | V44: 0 | W44: 0 | Y44: 0 | Z44: 2 | AA44: 2 | AB44: 12 | AC44: 2 | AD44: 2 | AE44: 0 | AF44: 1 | AG44: 15 | AH44: 21.4 | AI44: -3
A45: Chris Paul | B45: 44 | C45: 1134 | D45: 44 | E45: 44581 | F45: PHO | G45: @ | H45: DAL | I45: W 109-101 | J45: * | K45: 1.5284722 | L45: 8 | M45: 14 | N45: 0.571 | O45: 2 | P45: 6 | Q45: 0.333 | R45: 6 | S45: 8 | T45: 0.75 | U45: 0.643 | V45: 2 | W45: 2 | X45: 1 | Y45: 0 | Z45: 5 | AA45: 5 | AB45: 11 | AC45: 2 | AD45: 1 | AE45: 0 | AF45: 3 | AG45: 20 | AH45: 24.1 | AI45: 24
A46: Chris Paul | B46: 45 | C46: 1135 | D46: 45 | E46: 44583 | F46: PHO | H46: IND | I46: W 113-103 | J46: * | K46: 1.7006944 | L46: 8 | M46: 11 | N46: 0.727 | O46: 0 | P46: 2 | Q46: 0 | R46: 8 | S46: 9 | T46: 0.889 | U46: 0.727 | V46: 2 | W46: 2 | X46: 1 | Y46: 0 | Z46: 4 | AA46: 4 | AB46: 16 | AC46: 4 | AD46: 0 | AE46: 4 | AF46: 0 | AG46: 18 | AH46: 25.9 | AI46: 12
A47: Chris Paul | B47: 46 | C47: 1136 | D47: 46 | E47: 44585 | F47: PHO | H47: UTA | I47: W 115-109 | J47: * | K47: 1.6819444 | L47: 10 | M47: 17 | N47: 0.588 | O47: 4 | P47: 7 | Q47: 0.571 | R47: 6 | S47: 10 | T47: 0.6 | U47: 0.706 | V47: 3 | W47: 4 | X47: 0.75 | Y47: 1 | Z47: 8 | AA47: 9 | AB47: 13 | AC47: 1 | AD47: 0 | AE47: 7 | AF47: 2 | AG47: 27 | AH47: 24.1 | AI47: 7
A48: Chris Paul | B48: 47 | C48: 1137 | D48: 47 | E48: 44587 | F48: PHO | G48: @ | H48: UTA | I48: W 105-97 | J48: * | K48: 1.5347222 | L48: 8 | M48: 17 | N48: 0.471 | O48: 1 | P48: 2 | Q48: 0.5 | R48: 7 | S48: 15 | T48: 0.467 | U48: 0.5 | V48: 4 | W48: 6 | X48: 0.667 | Y48: 0 | Z48: 3 | AA48: 3 | AB48: 5 | AC48: 0 | AD48: 0 | AE48: 1 | AF48: 3 | AG48: 21 | AH48: 13.7 | AI48: -2
A49: Chris Paul | B49: 48 | C49: 1138 | D49: 48 | E49: 44589 | F49: PHO | H49: MIN | I49: W 134-124 | J49: * | K49: 1.5486111 | L49: 5 | M49: 9 | N49: 0.556 | O49: 4 | P49: 5 | Q49: 0.8 | R49: 1 | S49: 4 | T49: 0.25 | U49: 0.778 | V49: 7 | W49: 9 | X49: 0.778 | Y49: 1 | Z49: 9 | AA49: 10 | AB49: 14 | AC49: 1 | AD49: 1 | AE49: 2 | AF49: 2 | AG49: 21 | AH49: 28 | AI49: 4
A50: Chris Paul | B50: 49 | C50: 1139 | D50: 49 | E50: 44591 | F50: PHO | H50: SAS | I50: W 115-110 | J50: * | K50: 1.6548611 | L50: 9 | M50: 16 | N50: 0.563 | O50: 1 | P50: 3 | Q50: 0.333 | R50: 8 | S50: 13 | T50: 0.615 | U50: 0.594 | V50: 1 | W50: 2 | X50: 0.5 | Y50: 0 | Z50: 8 | AA50: 8 | AB50: 19 | AC50: 1 | AD50: 1 | AE50: 2 | AF50: 2 | AG50: 20 | AH50: 26.6 | AI50: 14
A51: Chris Paul | B51: 50 | C51: 1140 | D51: 50 | E51: 44593 | F51: PHO | H51: BRK | I51: W 121-111 | J51: * | K51: 1.6208333 | L51: 5 | M51: 12 | N51: 0.417 | O51: 1 | P51: 4 | Q51: 0.25 | R51: 4 | S51: 8 | T51: 0.5 | U51: 0.458 | V51: 9 | W51: 9 | X51: 1 | Y51: 0 | Z51: 4 | AA51: 4 | AB51: 14 | AC51: 2 | AD51: 0 | AE51: 2 | AF51: 2 | AG51: 20 | AH51: 23.8 | AI51: 20
A52: Chris Paul | B52: 51 | C52: 1141 | D52: 51 | E52: 44595 | F52: PHO | G52: @ | H52: ATL | I52: L 115-124 | J52: * | K52: 1.6222222 | L52: 7 | M52: 14 | N52: 0.5 | O52: 1 | P52: 5 | Q52: 0.2 | R52: 6 | S52: 9 | T52: 0.667 | U52: 0.536 | V52: 3 | W52: 4 | X52: 0.75 | Y52: 0 | Z52: 4 | AA52: 4 | AB52: 12 | AC52: 3 | AD52: 0 | AE52: 0 | AF52: 5 | AG52: 18 | AH52: 21.2 | AI52: -4
A53: Chris Paul | B53: 52 | C53: 1142 | D53: 52 | E53: 44597 | F53: PHO | G53: @ | H53: WAS | I53: W 95-80 | J53: * | K53: 1.2729167 | L53: 6 | M53: 12 | N53: 0.5 | O53: 1 | P53: 5 | Q53: 0.2 | R53: 5 | S53: 7 | T53: 0.714 | U53: 0.542 | V53: 1 | W53: 2 | X53: 0.5 | Y53: 0 | Z53: 4 | AA53: 4 | AB53: 9 | AC53: 1 | AD53: 1 | AE53: 2 | AF53: 0 | AG53: 14 | AH53: 14.8 | AI53: 30
A54: Chris Paul | B54: 53 | C54: 1143 | D54: 53 | E54: 44599 | F54: PHO | G54: @ | H54: CHI | I54: W 127-124 | J54: * | K54: 1.4104167 | L54: 7 | M54: 11 | N54: 0.636 | O54: 1 | P54: 2 | Q54: 0.5 | R54: 6 | S54: 9 | T54: 0.667 | U54: 0.682 | V54: 4 | W54: 4 | X54: 1 | Y54: 0 | Z54: 3 | AA54: 3 | AB54: 11 | AC54: 1 | AD54: 0 | AE54: 4 | AF54: 0 | AG54: 19 | AH54: 19.7 | AI54: -5
A55: Chris Paul | B55: 54 | C55: 1144 | D55: 54 | E55: 44600 | F55: PHO | G55: @ | H55: PHI | I55: W 114-109 | J55: * | K55: 1.7395833 | L55: 7 | M55: 18 | N55: 0.389 | O55: 1 | P55: 2 | Q55: 0.5 | R55: 6 | S55: 16 | T55: 0.375 | U55: 0.417 | V55: 1 | W55: 2 | X55: 0.5 | Y55: 0 | Z55: 4 | AA55: 4 | AB55: 12 | AC55: 2 | AD55: 0 | AE55: 6 | AF55: 2 | AG55: 16 | AH55: 10.6 | AI55: 3
A56: Chris Paul | B56: 55 | C56: 1145 | D56: 55 | E56: 44602 | F56: PHO | H56: MIL | I56: W 131-107 | J56: * | K56: 1.5354167 | L56: 5 | M56: 11 | N56: 0.455 | O56: 0 | P56: 3 | Q56: 0 | R56: 5 | S56: 8 | T56: 0.625 | U56: 0.455 | V56: 7 | W56: 7 | X56: 1 | Y56: 0 | Z56: 7 | AA56: 7 | AB56: 19 | AC56: 2 | AD56: 0 | AE56: 2 | AF56: 1 | AG56: 17 | AH56: 26.3 | AI56: 20
A57: Chris Paul | B57: 56 | C57: 1146 | D57: 56 | E57: 44604 | F57: PHO | H57: ORL | I57: W 132-105 | J57: * | K57: 1.0979167 | L57: 4 | M57: 11 | N57: 0.364 | O57: 2 | P57: 5 | Q57: 0.4 | R57: 2 | S57: 6 | T57: 0.333 | U57: 0.455 | V57: 0 | W57: 0 | Y57: 0 | Z57: 5 | AA57: 5 | AB57: 15 | AC57: 2 | AD57: 0 | AE57: 2 | AF57: 2 | AG57: 10 | AH57: 15.1 | AI57: 21
A58: Chris Paul | B58: 57 | C58: 1147 | D58: 57 | E58: 44607 | F58: PHO | H58: LAC | I58: W 103-96 | J58: * | K58: 1.4715278 | L58: 7 | M58: 14 | N58: 0.5 | O58: 1 | P58: 4 | Q58: 0.25 | R58: 6 | S58: 10 | T58: 0.6 | U58: 0.536 | V58: 2 | W58: 2 | X58: 1 | Y58: 0 | Z58: 5 | AA58: 5 | AB58: 14 | AC58: 1 | AD58: 0 | AE58: 3 | AF58: 0 | AG58: 17 | AH58: 19.3 | AI58: 12
A59: Chris Paul | B59: 58 | C59: 1148 | D59: 58 | E59: 44608 | F59: PHO | H59: HOU | I59: W 124-121 | J59: * | K59: 0.81180556 | L59: 3 | M59: 5 | N59: 0.6 | O59: 0 | P59: 2 | Q59: 0 | R59: 3 | S59: 3 | T59: 1 | U59: 0.6 | V59: 5 | W59: 5 | X59: 1 | Y59: 0 | Z59: 0 | AA59: 0 | AB59: 6 | AC59: 2 | AD59: 0 | AE59: 3 | AF59: 1 | AG59: 11 | AH59: 11.5 | AI59: 1
A60: Chris Paul | B60: 58 | D60: 59 | E60: 44616 | F60: PHO | G60: @ | H60: OKC | I60: W 124-104 | J60: Inactive | K60: Inactive | L60: Inactive | M60: Inactive | N60: Inactive | O60: Inactive | P60: Inactive | Q60: Inactive | R60: Inactive | S60: Inactive | T60: Inactive | U60: Inactive | V60: Inactive | W60: Inactive | X60: Inactive | Y60: Inactive | Z60: Inactive | AA60: Inactive | AB60: Inactive | AC60: Inactive | AD60: Inactive | AE60: Inactive | AF60: Inactive | AG60: Inactive | AH60: Inactive | AI60: Inactive
A61: Chris Paul | B61: 58 | D61: 60 | E61: 44617 | F61: PHO | H61: NOP | I61: L 102-117 | J61: Inactive | K61: Inactive | L61: Inactive | M61: Inactive | N61: Inactive | O61: Inactive | P61: Inactive | Q61: Inactive | R61: Inactive | S61: Inactive | T61: Inactive | U61: Inactive | V61: Inactive | W61: Inactive | X61: Inactive | Y61: Inactive | Z61: Inactive | AA61: Inactive | AB61: Inactive | AC61: Inactive | AD61: Inactive | AE61: Inactive | AF61: Inactive | AG61: Inactive | AH61: Inactive | AI61: Inactive
A62: Chris Paul | B62: 58 | D62: 61 | E62: 44619 | F62: PHO | H62: UTA | I62: L 114-118 | J62: Inactive | K62: Inactive | L62: Inactive | M62: Inactive | N62: Inactive | O62: Inactive | P62: Inactive | Q62: Inactive | R62: Inactive | S62: Inactive | T62: Inactive | U62: Inactive | V62: Inactive | W62: Inactive | X62: Inactive | Y62: Inactive | Z62: Inactive | AA62: Inactive | AB62: Inactive | AC62: Inactive | AD62: Inactive | AE62: Inactive | AF62: Inactive | AG62: Inactive | AH62: Inactive | AI62: Inactive
A63: Chris Paul | B63: 58 | D63: 62 | E63: 44622 | F63: PHO | H63: POR | I63: W 120-90 | J63: Inactive | K63: Inactive | L63: Inactive | M63: Inactive | N63: Inactive | O63: Inactive | P63: Inactive | Q63: Inactive | R63: Inactive | S63: Inactive | T63: Inactive | U63: Inactive | V63: Inactive | W63: Inactive | X63: Inactive | Y63: Inactive | Z63: Inactive | AA63: Inactive | AB63: Inactive | AC63: Inactive | AD63: Inactive | AE63: Inactive | AF63: Inactive | AG63: Inactive | AH63: Inactive | AI63: Inactive
A64: Chris Paul | B64: 58 | D64: 63 | E64: 44624 | F64: PHO | H64: NYK | I64: W 115-114 | J64: Inactive | K64: Inactive | L64: Inactive | M64: Inactive | N64: Inactive | O64: Inactive | P64: Inactive | Q64: Inactive | R64: Inactive | S64: Inactive | T64: Inactive | U64: Inactive | V64: Inactive | W64: Inactive | X64: Inactive | Y64: Inactive | Z64: Inactive | AA64: Inactive | AB64: Inactive | AC64: Inactive | AD64: Inactive | AE64: Inactive | AF64: Inactive | AG64: Inactive | AH64: Inactive | AI64: Inactive
A65: Chris Paul | B65: 58 | D65: 64 | E65: 44626 | F65: PHO | G65: @ | H65: MIL | I65: L 122-132 | J65: Inactive | K65: Inactive | L65: Inactive | M65: Inactive | N65: Inactive | O65: Inactive | P65: Inactive | Q65: Inactive | R65: Inactive | S65: Inactive | T65: Inactive | U65: Inactive | V65: Inactive | W65: Inactive | X65: Inactive | Y65: Inactive | Z65: Inactive | AA65: Inactive | AB65: Inactive | AC65: Inactive | AD65: Inactive | AE65: Inactive | AF65: Inactive | AG65: Inactive | AH65: Inactive | AI65: Inactive
A66: Chris Paul | B66: 58 | D66: 65 | E66: 44628 | F66: PHO | G66: @ | H66: ORL | I66: W 102-99 | J66: Inactive | K66: Inactive | L66: Inactive | M66: Inactive | N66: Inactive | O66: Inactive | P66: Inactive | Q66: Inactive | R66: Inactive | S66: Inactive | T66: Inactive | U66: Inactive | V66: Inactive | W66: Inactive | X66: Inactive | Y66: Inactive | Z66: Inactive | AA66: Inactive | AB66: Inactive | AC66: Inactive | AD66: Inactive | AE66: Inactive | AF66: Inactive | AG66: Inactive | AH66: Inactive | AI66: Inactive
A67: Chris Paul | B67: 58 | D67: 66 | E67: 44629 | F67: PHO | G67: @ | H67: MIA | I67: W 111-90 | J67: Inactive | K67: Inactive | L67: Inactive | M67: Inactive | N67: Inactive | O67: Inactive | P67: Inactive | Q67: Inactive | R67: Inactive | S67: Inactive | T67: Inactive | U67: Inactive | V67: Inactive | W67: Inactive | X67: Inactive | Y67: Inactive | Z67: Inactive | AA67: Inactive | AB67: Inactive | AC67: Inactive | AD67: Inactive | AE67: Inactive | AF67: Inactive | AG67: Inactive | AH67: Inactive | AI67: Inactive
A68: Chris Paul | B68: 58 | D68: 67 | E68: 44631 | F68: PHO | H68: TOR | I68: L 112-117 | J68: Inactive | K68: Inactive | L68: Inactive | M68: Inactive | N68: Inactive | O68: Inactive | P68: Inactive | Q68: Inactive | R68: Inactive | S68: Inactive | T68: Inactive | U68: Inactive | V68: Inactive | W68: Inactive | X68: Inactive | Y68: Inactive | Z68: Inactive | AA68: Inactive | AB68: Inactive | AC68: Inactive | AD68: Inactive | AE68: Inactive | AF68: Inactive | AG68: Inactive | AH68: Inactive | AI68: Inactive
A69: Chris Paul | B69: 58 | D69: 68 | E69: 44633 | F69: PHO | H69: LAL | I69: W 140-111 | J69: Inactive | K69: Inactive | L69: Inactive | M69: Inactive | N69: Inactive | O69: Inactive | P69: Inactive | Q69: Inactive | R69: Inactive | S69: Inactive | T69: Inactive | U69: Inactive | V69: Inactive | W69: Inactive | X69: Inactive | Y69: Inactive | Z69: Inactive | AA69: Inactive | AB69: Inactive | AC69: Inactive | AD69: Inactive | AE69: Inactive | AF69: Inactive | AG69: Inactive | AH69: Inactive | AI69: Inactive
A70: Chris Paul | B70: 58 | D70: 69 | E70: 44635 | F70: PHO | G70: @ | H70: NOP | I70: W 131-115 | J70: Inactive | K70: Inactive | L70: Inactive | M70: Inactive | N70: Inactive | O70: Inactive | P70: Inactive | Q70: Inactive | R70: Inactive | S70: Inactive | T70: Inactive | U70: Inactive | V70: Inactive | W70: Inactive | X70: Inactive | Y70: Inactive | Z70: Inactive | AA70: Inactive | AB70: Inactive | AC70: Inactive | AD70: Inactive | AE70: Inactive | AF70: Inactive | AG70: Inactive | AH70: Inactive | AI70: Inactive
A71: Chris Paul | B71: 58 | D71: 70 | E71: 44636 | F71: PHO | G71: @ | H71: HOU | I71: W 129-112 | J71: Inactive | K71: Inactive | L71: Inactive | M71: Inactive | N71: Inactive | O71: Inactive | P71: Inactive | Q71: Inactive | R71: Inactive | S71: Inactive | T71: Inactive | U71: Inactive | V71: Inactive | W71: Inactive | X71: Inactive | Y71: Inactive | Z71: Inactive | AA71: Inactive | AB71: Inactive | AC71: Inactive | AD71: Inactive | AE71: Inactive | AF71: Inactive | AG71: Inactive | AH71: Inactive | AI71: Inactive
A72: Chris Paul | B72: 58 | D72: 71 | E72: 44638 | F72: PHO | H72: CHI | I72: W 129-102 | J72: Inactive | K72: Inactive | L72: Inactive | M72: Inactive | N72: Inactive | O72: Inactive | P72: Inactive | Q72: Inactive | R72: Inactive | S72: Inactive | T72: Inactive | U72: Inactive | V72: Inactive | W72: Inactive | X72: Inactive | Y72: Inactive | Z72: Inactive | AA72: Inactive | AB72: Inactive | AC72: Inactive | AD72: Inactive | AE72: Inactive | AF72: Inactive | AG72: Inactive | AH72: Inactive | AI72: Inactive
A73: Chris Paul | B73: 58 | D73: 72 | E73: 44640 | F73: PHO | G73: @ | H73: SAC | I73: W 127-124 (OT) | J73: Inactive | K73: Inactive | L73: Inactive | M73: Inactive | N73: Inactive | O73: Inactive | P73: Inactive | Q73: Inactive | R73: Inactive | S73: Inactive | T73: Inactive | U73: Inactive | V73: Inactive | W73: Inactive | X73: Inactive | Y73: Inactive | Z73: Inactive | AA73: Inactive | AB73: Inactive | AC73: Inactive | AD73: Inactive | AE73: Inactive | AF73: Inactive | AG73: Inactive | AH73: Inactive | AI73: Inactive
A74: Chris Paul | B74: 58 | D74: 73 | E74: 44643 | F74: PHO | G74: @ | H74: MIN | I74: W 125-116 | J74: Inactive | K74: Inactive | L74: Inactive | M74: Inactive | N74: Inactive | O74: Inactive | P74: Inactive | Q74: Inactive | R74: Inactive | S74: Inactive | T74: Inactive | U74: Inactive | V74: Inactive | W74: Inactive | X74: Inactive | Y74: Inactive | Z74: Inactive | AA74: Inactive | AB74: Inactive | AC74: Inactive | AD74: Inactive | AE74: Inactive | AF74: Inactive | AG74: Inactive | AH74: Inactive | AI74: Inactive
A75: Chris Paul | B75: 59 | C75: 1149 | D75: 74 | E75: 44644 | F75: PHO | G75: @ | H75: DEN | I75: W 140-130 | J75: * | K75: 1.2527778 | L75: 6 | M75: 10 | N75: 0.6 | O75: 1 | P75: 3 | Q75: 0.333 | R75: 5 | S75: 7 | T75: 0.714 | U75: 0.65 | V75: 4 | W75: 4 | X75: 1 | Y75: 0 | Z75: 4 | AA75: 4 | AB75: 13 | AC75: 1 | AD75: 1 | AE75: 3 | AF75: 0 | AG75: 17 | AH75: 21.4 | AI75: -5
A76: Chris Paul | B76: 60 | C76: 1150 | D76: 75 | E76: 44647 | F76: PHO | H76: PHI | I76: W 114-104 | J76: * | K76: 1.50625 | L76: 9 | M76: 15 | N76: 0.6 | O76: 1 | P76: 3 | Q76: 0.333 | R76: 8 | S76: 12 | T76: 0.667 | U76: 0.633 | V76: 0 | W76: 0 | Y76: 1 | Z76: 3 | AA76: 4 | AB76: 14 | AC76: 1 | AD76: 1 | AE76: 1 | AF76: 1 | AG76: 19 | AH76: 23.8 | AI76: 25
A77: Chris Paul | B77: 61 | C77: 1151 | D77: 76 | E77: 44650 | F77: PHO | G77: @ | H77: GSW | I77: W 107-103 | J77: * | K77: 1.3673611 | L77: 6 | M77: 9 | N77: 0.667 | O77: 0 | P77: 2 | Q77: 0 | R77: 6 | S77: 7 | T77: 0.857 | U77: 0.667 | V77: 3 | W77: 4 | X77: 0.75 | Y77: 2 | Z77: 1 | AA77: 3 | AB77: 8 | AC77: 1 | AD77: 0 | AE77: 3 | AF77: 3 | AG77: 15 | AH77: 14.8 | AI77: 2
A78: Chris Paul | B78: 62 | C78: 1152 | D78: 77 | E78: 44652 | F78: PHO | G78: @ | H78: MEM | I78: L 114-122 | J78: * | K78: 1.325 | L78: 2 | M78: 6 | N78: 0.333 | O78: 1 | P78: 3 | Q78: 0.333 | R78: 1 | S78: 3 | T78: 0.333 | U78: 0.417 | V78: 3 | W78: 5 | X78: 0.6 | Y78: 0 | Z78: 1 | AA78: 1 | AB78: 11 | AC78: 3 | AD78: 0 | AE78: 2 | AF78: 3 | AG78: 8 | AH78: 11.6 | AI78: -11
A79: Chris Paul | B79: 63 | C79: 1153 | D79: 78 | E79: 44654 | F79: PHO | G79: @ | H79: OKC | I79: L 96-117 | J79: * | K79: 1.2694444 | L79: 5 | M79: 11 | N79: 0.455 | O79: 0 | P79: 3 | Q79: 0 | R79: 5 | S79: 8 | T79: 0.625 | U79: 0.455 | V79: 1 | W79: 2 | X79: 0.5 | Y79: 0 | Z79: 2 | AA79: 2 | AB79: 9 | AC79: 3 | AD79: 0 | AE79: 2 | AF79: 5 | AG79: 11 | AH79: 10.8 | AI79: -10
A80: Chris Paul | B80: 64 | C80: 1154 | D80: 79 | E80: 44656 | F80: PHO | H80: LAL | I80: W 121-110 | J80: * | K80: 0.99375 | L80: 3 | M80: 7 | N80: 0.429 | O80: 0 | P80: 2 | Q80: 0 | R80: 3 | S80: 5 | T80: 0.6 | U80: 0.429 | V80: 0 | W80: 0 | Y80: 2 | Z80: 2 | AA80: 4 | AB80: 12 | AC80: 2 | AD80: 0 | AE80: 1 | AF80: 1 | AG80: 6 | AH80: 13.3 | AI80: 22
A81: Chris Paul | B81: 64 | D81: 80 | E81: 44657 | F81: PHO | G81: @ | H81: LAC | I81: L 109-113 | J81: Did Not Dress | K81: Did Not Dress | L81: Did Not Dress | M81: Did Not Dress | N81: Did Not Dress | O81: Did Not Dress | P81: Did Not Dress | Q81: Did Not Dress | R81: Did Not Dress | S81: Did Not Dress | T81: Did Not Dress | U81: Did Not Dress | V81: Did Not Dress | W81: Did Not Dress | X81: Did Not Dress | Y81: Did Not Dress | Z81: Did Not Dress | AA81: Did Not Dress | AB81: Did Not Dress | AC81: Did Not Dress | AD81: Did Not Dress | AE81: Did Not Dress | AF81: Did Not Dress | AG81: Did Not Dress | AH81: Did Not Dress | AI81: Did Not Dress
A82: Chris Paul | B82: 65 | C82: 1155 | D82: 81 | E82: 44659 | F82: PHO | G82: @ | H82: UTA | I82: W 111-105 | J82: * | K82: 1.5673611 | L82: 7 | M82: 11 | N82: 0.636 | O82: 0 | P82: 1 | Q82: 0 | R82: 7 | S82: 10 | T82: 0.7 | U82: 0.636 | V82: 2 | W82: 2 | X82: 1 | Y82: 1 | Z82: 5 | AA82: 6 | AB82: 16 | AC82: 2 | AD82: 0 | AE82: 3 | AF82: 3 | AG82: 16 | AH82: 22.3 | AI82: 18
A83: Chris Paul | B83: 65 | D83: 82 | E83: 44661 | F83: PHO | H83: SAC | I83: L 109-116 | J83: Did Not Dress | K83: Did Not Dress | L83: Did Not Dress | M83: Did Not Dress | N83: Did Not Dress | O83: Did Not Dress | P83: Did Not Dress | Q83: Did Not Dress | R83: Did Not Dress | S83: Did Not Dress | T83: Did Not Dress | U83: Did Not Dress | V83: Did Not Dress | W83: Did Not Dress | X83: Did Not Dress | Y83: Did Not Dress | Z83: Did Not Dress | AA83: Did Not Dress | AB83: Did Not Dress | AC83: Did Not Dress | AD83: Did Not Dress | AE83: Did Not Dress | AF83: Did Not Dress | AG83: Did Not Dress | AH83: Did Not Dress | AI83: Did Not Dress
A84: Chris Paul | B84: 1 | C84: 130 | D84: 1 | E84: 44668 | F84: PHO | H84: NOP | I84: W 110-99 | J84: * | K84: 1.4611111 | L84: 12 | M84: 16 | N84: 0.75 | O84: 4 | P84: 6 | Q84: 0.667 | R84: 8 | S84: 10 | T84: 0.8 | U84: 0.875 | V84: 2 | W84: 2 | X84: 1 | Y84: 0 | Z84: 7 | AA84: 7 | AB84: 10 | AC84: 3 | AD84: 1 | AE84: 2 | AF84: 2 | AG84: 30 | AH84: 33.6 | AI84: 20
A85: Chris Paul | B85: 2 | C85: 131 | D85: 2 | E85: 44670 | F85: PHO | H85: NOP | I85: L 114-125 | J85: * | K85: 1.5152778 | L85: 5 | M85: 16 | N85: 0.313 | O85: 2 | P85: 6 | Q85: 0.333 | R85: 3 | S85: 10 | T85: 0.3 | U85: 0.375 | V85: 5 | W85: 5 | X85: 1 | Y85: 0 | Z85: 1 | AA85: 1 | AB85: 14 | AC85: 1 | AD85: 0 | AE85: 0 | AF85: 3 | AG85: 17 | AH85: 17.7 | AI85: -12
A86: Chris Paul | B86: 3 | C86: 132 | D86: 3 | E86: 44673 | F86: PHO | G86: @ | H86: NOP | I86: W 114-111 | J86: * | K86: 1.6631944 | L86: 10 | M86: 18 | N86: 0.556 | O86: 1 | P86: 6 | Q86: 0.167 | R86: 9 | S86: 12 | T86: 0.75 | U86: 0.583 | V86: 7 | W86: 8 | X86: 0.875 | Y86: 2 | Z86: 2 | AA86: 4 | AB86: 14 | AC86: 1 | AD86: 0 | AE86: 0 | AF86: 2 | AG86: 28 | AH86: 31 | AI86: 10
A87: Chris Paul | B87: 4 | C87: 133 | D87: 4 | E87: 44675 | F87: PHO | G87: @ | H87: NOP | I87: L 103-118 | J87: * | K87: 1.4576389 | L87: 2 | M87: 8 | N87: 0.25 | O87: 0 | P87: 3 | Q87: 0 | R87: 2 | S87: 5 | T87: 0.4 | U87: 0.25 | V87: 0 | W87: 0 | Y87: 1 | Z87: 2 | AA87: 3 | AB87: 11 | AC87: 2 | AD87: 0 | AE87: 3 | AF87: 4 | AG87: 4 | AH87: 5.6 | AI87: -14
A88: Chris Paul | B88: 5 | C88: 134 | D88: 5 | E88: 44677 | F88: PHO | H88: NOP | I88: W 112-97 | J88: * | K88: 1.6215278 | L88: 8 | M88: 18 | N88: 0.444 | O88: 0 | P88: 4 | Q88: 0 | R88: 8 | S88: 14 | T88: 0.571 | U88: 0.444 | V88: 6 | W88: 6 | X88: 1 | Y88: 0 | Z88: 6 | AA88: 6 | AB88: 11 | AC88: 3 | AD88: 0 | AE88: 1 | AF88: 2 | AG88: 22 | AH88: 23.3 | AI88: 10
A89: Chris Paul | B89: 6 | C89: 135 | D89: 6 | E89: 44679 | F89: PHO | G89: @ | H89: NOP | I89: W 115-109 | J89: * | K89: 1.4909722 | L89: 14 | M89: 14 | N89: 1 | O89: 1 | P89: 1 | Q89: 1 | R89: 13 | S89: 13 | T89: 1 | U89: 1.036 | V89: 4 | W89: 4 | X89: 1 | Y89: 1 | Z89: 4 | AA89: 5 | AB89: 8 | AC89: 1 | AD89: 0 | AE89: 3 | AF89: 2 | AG89: 33 | AH89: 33.5 | AI89: 17
A90: Chris Paul | B90: 7 | C90: 136 | D90: 7 | E90: 44683 | F90: PHO | H90: DAL | I90: W 121-114 | J90: * | K90: 1.1979167 | L90: 7 | M90: 13 | N90: 0.538 | O90: 2 | P90: 5 | Q90: 0.4 | R90: 5 | S90: 8 | T90: 0.625 | U90: 0.615 | V90: 3 | W90: 3 | X90: 1 | Y90: 0 | Z90: 5 | AA90: 5 | AB90: 3 | AC90: 1 | AD90: 1 | AE90: 1 | AF90: 3 | AG90: 19 | AH90: 15.8 | AI90: 14
A91: Chris Paul | B91: 8 | C91: 137 | D91: 8 | E91: 44685 | F91: PHO | H91: DAL | I91: W 129-109 | J91: * | K91: 1.5090278 | L91: 11 | M91: 16 | N91: 0.688 | O91: 1 | P91: 2 | Q91: 0.5 | R91: 10 | S91: 14 | T91: 0.714 | U91: 0.719 | V91: 5 | W91: 5 | X91: 1 | Y91: 0 | Z91: 6 | AA91: 6 | AB91: 8 | AC91: 1 | AD91: 0 | AE91: 3 | AF91: 2 | AG91: 28 | AH91: 25.8 | AI91: 19
A92: Chris Paul | B92: 9 | C92: 138 | D92: 9 | E92: 44687 | F92: PHO | G92: @ | H92: DAL | I92: L 94-103 | J92: * | K92: 1.5395833 | L92: 5 | M92: 9 | N92: 0.556 | O92: 2 | P92: 4 | Q92: 0.5 | R92: 3 | S92: 5 | T92: 0.6 | U92: 0.667 | V92: 0 | W92: 0 | Y92: 2 | Z92: 5 | AA92: 7 | AB92: 4 | AC92: 1 | AD92: 0 | AE92: 7 | AF92: 4 | AG92: 12 | AH92: 5.8 | AI92: -8
A93: Chris Paul | B93: 10 | C93: 139 | D93: 10 | E93: 44689 | F93: PHO | G93: @ | H93: DAL | I93: L 101-111 | J93: * | K93: 0.95902778 | L93: 2 | M93: 4 | N93: 0.5 | O93: 1 | P93: 1 | Q93: 1 | R93: 1 | S93: 3 | T93: 0.333 | U93: 0.625 | V93: 0 | W93: 0 | Y93: 0 | Z93: 5 | AA93: 5 | AB93: 7 | AC93: 1 | AD93: 0 | AE93: 2 | AF93: 6 | AG93: 5 | AH93: 6 | AI93: -3
A94: Chris Paul | B94: 11 | C94: 140 | D94: 11 | E94: 44691 | F94: PHO | H94: DAL | I94: W 110-80 | J94: * | K94: 1.4465278 | L94: 3 | M94: 8 | N94: 0.375 | O94: 1 | P94: 3 | Q94: 0.333 | R94: 2 | S94: 5 | T94: 0.4 | U94: 0.438 | V94: 0 | W94: 0 | Y94: 0 | Z94: 2 | AA94: 2 | AB94: 10 | AC94: 1 | AD94: 0 | AE94: 4 | AF94: 2 | AG94: 7 | AH94: 6.4 | AI94: 7
A95: Chris Paul | B95: 12 | C95: 141 | D95: 12 | E95: 44693 | F95: PHO | G95: @ | H95: DAL | I95: L 86-113 | J95: * | K95: 1.4840278 | L95: 4 | M95: 7 | N95: 0.571 | O95: 3 | P95: 5 | Q95: 0.6 | R95: 1 | S95: 2 | T95: 0.5 | U95: 0.786 | V95: 2 | W95: 2 | X95: 1 | Y95: 1 | Z95: 1 | AA95: 2 | AB95: 4 | AC95: 2 | AD95: 0 | AE95: 5 | AF95: 5 | AG95: 13 | AH95: 8.5 | AI95: -14
A96: Chris Paul | B96: 13 | C96: 142 | D96: 13 | E96: 44696 | F96: PHO | H96: DAL | I96: L 90-123 | J96: * | K96: 1.3048611 | L96: 4 | M96: 8 | N96: 0.5 | O96: 1 | P96: 3 | Q96: 0.333 | R96: 3 | S96: 5 | T96: 0.6 | U96: 0.563 | V96: 1 | W96: 2 | X96: 0.5 | Y96: 0 | Z96: 1 | AA96: 1 | AB96: 4 | AC96: 1 | AD96: 0 | AE96: 0 | AF96: 3 | AG96: 10 | AH96: 8.5 | AI96: -39

Sheet Sheet1

Sheet Sheet2

Sheet Sheet3

Sheet booker
A1: Player | B1: Rk | C1: Gcar | D1: Gtm | E1: Date | F1: Team | H1: Opp | I1: Result | J1: GS | K1: MP | L1: FG | M1: FGA | N1: FG% | O1: 3P | P1: 3PA | Q1: 3P% | R1: 2P | S1: 2PA | T1: 2P% | U1: eFG% | V1: FT | W1: FTA | X1: FT% | Y1: ORB | Z1: DRB | AA1: TRB | AB1: AST | AC1: STL | AD1: BLK | AE1: TOV | AF1: PF | AG1: PTS
A2: Devin Booker | B2: 1 | C2: 410 | D2: 1 | E2: 44489 | F2: PHO | H2: DEN | I2: L 98-110 | J2: * | K2: 1.2479167 | L2: 3 | M2: 15 | N2: 0.2 | O2: 2 | P2: 7 | Q2: 0.286 | R2: 1 | S2: 8 | T2: 0.125 | U2: 0.267 | V2: 4 | W2: 4 | X2: 1 | Y2: 1 | Z2: 3 | AA2: 4 | AB2: 4 | AC2: 1 | AD2: 0 | AE2: 3 | AF2: 3 | AG2: 12 | AH2: 3.9 | AI2: -24
A3: Devin Booker | B3: 2 | C3: 411 | D3: 2 | E3: 44491 | F3: PHO | G3: @ | H3: LAL | I3: W 115-105 | J3: * | K3: 1.3986111 | L3: 9 | M3: 19 | N3: 0.474 | O3: 2 | P3: 6 | Q3: 0.333 | R3: 7 | S3: 13 | T3: 0.538 | U3: 0.526 | V3: 2 | W3: 2 | X3: 1 | Y3: 1 | Z3: 4 | AA3: 5 | AB3: 4 | AC3: 0 | AD3: 0 | AE3: 4 | AF3: 3 | AG3: 22 | AH3: 11.8 | AI3: 8
A4: Devin Booker | B4: 3 | C4: 412 | D4: 3 | E4: 44492 | F4: PHO | G4: @ | H4: POR | I4: L 105-134 | J4: * | K4: 1.1743056 | L4: 9 | M4: 19 | N4: 0.474 | O4: 2 | P4: 5 | Q4: 0.4 | R4: 7 | S4: 14 | T4: 0.5 | U4: 0.526 | V4: 1 | W4: 2 | X4: 0.5 | Y4: 1 | Z4: 3 | AA4: 4 | AB4: 4 | AC4: 2 | AD4: 0 | AE4: 0 | AF4: 1 | AG4: 21 | AH4: 16.9 | AI4: -15
A5: Devin Booker | B5: 4 | C5: 413 | D5: 4 | E5: 44496 | F5: PHO | H5: SAC | I5: L 107-110 | J5: * | K5: 1.5222222 | L5: 12 | M5: 28 | N5: 0.429 | O5: 2 | P5: 6 | Q5: 0.333 | R5: 10 | S5: 22 | T5: 0.455 | U5: 0.464 | V5: 5 | W5: 6 | X5: 0.833 | Y5: 3 | Z5: 3 | AA5: 6 | AB5: 8 | AC5: 1 | AD5: 0 | AE5: 0 | AF5: 4 | AG5: 31 | AH5: 23.8 | AI5: 4
A6: Devin Booker | B6: 5 | C6: 414 | D6: 5 | E6: 44499 | F6: PHO | H6: CLE | I6: W 101-92 | J6: * | K6: 1.4715278 | L6: 9 | M6: 20 | N6: 0.45 | O6: 0 | P6: 4 | Q6: 0 | R6: 9 | S6: 16 | T6: 0.563 | U6: 0.45 | V6: 9 | W6: 10 | X6: 0.9 | Y6: 1 | Z6: 3 | AA6: 4 | AB6: 9 | AC6: 0 | AD6: 0 | AE6: 4 | AF6: 1 | AG6: 27 | AH6: 19.7 | AI6: 8
A7: Devin Booker | B7: 6 | C7: 415 | D7: 6 | E7: 44502 | F7: PHO | H7: NOP | I7: W 112-100 | J7: * | K7: 1.40625 | L7: 7 | M7: 20 | N7: 0.35 | O7: 2 | P7: 8 | Q7: 0.25 | R7: 5 | S7: 12 | T7: 0.417 | U7: 0.4 | V7: 2 | W7: 2 | X7: 1 | Y7: 1 | Z7: 7 | AA7: 8 | AB7: 3 | AC7: 1 | AD7: 1 | AE7: 6 | AF7: 2 | AG7: 18 | AH7: 6.6 | AI7: 8
A8: Devin Booker | B8: 7 | C8: 416 | D8: 7 | E8: 44504 | F8: PHO | H8: HOU | I8: W 123-111 | J8: * | K8: 1.4222222 | L8: 8 | M8: 18 | N8: 0.444 | O8: 4 | P8: 8 | Q8: 0.5 | R8: 4 | S8: 10 | T8: 0.4 | U8: 0.556 | V8: 7 | W8: 8 | X8: 0.875 | Y8: 1 | Z8: 8 | AA8: 9 | AB8: 5 | AC8: 1 | AD8: 1 | AE8: 2 | AF8: 3 | AG8: 27 | AH8: 22.3 | AI8: 10
A9: Devin Booker | B9: 8 | C9: 417 | D9: 8 | E9: 44506 | F9: PHO | H9: ATL | I9: W 121-117 | J9: * | K9: 1.4208333 | L9: 14 | M9: 21 | N9: 0.667 | O9: 5 | P9: 9 | Q9: 0.556 | R9: 9 | S9: 12 | T9: 0.75 | U9: 0.786 | V9: 5 | W9: 7 | X9: 0.714 | Y9: 1 | Z9: 5 | AA9: 6 | AB9: 4 | AC9: 2 | AD9: 1 | AE9: 4 | AF9: 4 | AG9: 38 | AH9: 30.2 | AI9: 3
A10: Devin Booker | B10: 9 | C10: 418 | D10: 9 | E10: 44508 | F10: PHO | G10: @ | H10: SAC | I10: W 109-104 | J10: * | K10: 1.3486111 | L10: 8 | M10: 17 | N10: 0.471 | O10: 2 | P10: 5 | Q10: 0.4 | R10: 6 | S10: 12 | T10: 0.5 | U10: 0.529 | V10: 0 | W10: 2 | X10: 0 | Y10: 1 | Z10: 8 | AA10: 9 | AB10: 6 | AC10: 2 | AD10: 0 | AE10: 5 | AF10: 4 | AG10: 18 | AH10: 11.2 | AI10: 22
A11: Devin Booker | B11: 10 | C11: 419 | D11: 10 | E11: 44510 | F11: PHO | H11: POR | I11: W 119-109 | J11: * | K11: 1.5597222 | L11: 5 | M11: 15 | N11: 0.333 | O11: 2 | P11: 6 | Q11: 0.333 | R11: 3 | S11: 9 | T11: 0.333 | U11: 0.4 | V11: 0 | W11: 0 | Y11: 0 | Z11: 8 | AA11: 8 | AB11: 6 | AC11: 1 | AD11: 0 | AE11: 4 | AF11: 2 | AG11: 12 | AH11: 6.3 | AI11: 9
A12: Devin Booker | B12: 11 | C12: 420 | D12: 11 | E12: 44512 | F12: PHO | G12: @ | H12: MEM | I12: W 119-94 | J12: * | K12: 1.0666667 | L12: 7 | M12: 17 | N12: 0.412 | O12: 1 | P12: 5 | Q12: 0.2 | R12: 6 | S12: 12 | T12: 0.5 | U12: 0.441 | V12: 2 | W12: 2 | X12: 1 | Y12: 1 | Z12: 4 | AA12: 5 | AB12: 7 | AC12: 0 | AD12: 0 | AE12: 3 | AF12: 2 | AG12: 17 | AH12: 10.9 | AI12: 31
A13: Devin Booker | B13: 12 | C13: 421 | D13: 12 | E13: 44514 | F13: PHO | G13: @ | H13: HOU | I13: W 115-89 | J13: * | K13: 1.3145833 | L13: 9 | M13: 23 | N13: 0.391 | O13: 3 | P13: 7 | Q13: 0.429 | R13: 6 | S13: 16 | T13: 0.375 | U13: 0.457 | V13: 5 | W13: 5 | X13: 1 | Y13: 0 | Z13: 5 | AA13: 5 | AB13: 6 | AC13: 2 | AD13: 0 | AE13: 0 | AF13: 0 | AG13: 26 | AH13: 21.2 | AI13: 12
A14: Devin Booker | B14: 13 | C14: 422 | D14: 13 | E14: 44515 | F14: PHO | G14: @ | H14: MIN | I14: W 99-96 | J14: * | K14: 1.4347222 | L14: 7 | M14: 16 | N14: 0.438 | O14: 2 | P14: 4 | Q14: 0.5 | R14: 5 | S14: 12 | T14: 0.417 | U14: 0.5 | V14: 13 | W14: 15 | X14: 0.867 | Y14: 2 | Z14: 3 | AA14: 5 | AB14: 5 | AC14: 2 | AD14: 0 | AE14: 1 | AF14: 5 | AG14: 29 | AH14: 24.6 | AI14: 8
A15: Devin Booker | B15: 14 | C15: 423 | D15: 14 | E15: 44517 | F15: PHO | H15: DAL | I15: W 105-98 | J15: * | K15: 1.4583333 | L15: 11 | M15: 21 | N15: 0.524 | O15: 2 | P15: 4 | Q15: 0.5 | R15: 9 | S15: 17 | T15: 0.529 | U15: 0.571 | V15: 0 | W15: 1 | X15: 0 | Y15: 0 | Z15: 9 | AA15: 9 | AB15: 0 | AC15: 0 | AD15: 0 | AE15: 1 | AF15: 1 | AG15: 24 | AH15: 14.6 | AI15: 8
A16: Devin Booker | B16: 15 | C16: 424 | D16: 15 | E16: 44519 | F16: PHO | H16: DAL | I16: W 112-104 | J16: * | K16: 1.2736111 | L16: 7 | M16: 20 | N16: 0.35 | O16: 3 | P16: 8 | Q16: 0.375 | R16: 4 | S16: 12 | T16: 0.333 | U16: 0.425 | V16: 2 | W16: 2 | X16: 1 | Y16: 1 | Z16: 0 | AA16: 1 | AB16: 1 | AC16: 0 | AD16: 1 | AE16: 4 | AF16: 2 | AG16: 19 | AH16: 5.1 | AI16: -7
A17: Devin Booker | B17: 16 | C17: 425 | D17: 16 | E17: 44521 | F17: PHO | H17: DEN | I17: W 126-97 | J17: * | K17: 1.1625 | L17: 7 | M17: 12 | N17: 0.583 | O17: 2 | P17: 5 | Q17: 0.4 | R17: 5 | S17: 7 | T17: 0.714 | U17: 0.667 | V17: 1 | W17: 1 | X17: 1 | Y17: 0 | Z17: 4 | AA17: 4 | AB17: 7 | AC17: 1 | AD17: 0 | AE17: 1 | AF17: 1 | AG17: 17 | AH17: 17.1 | AI17: 13
A18: Devin Booker | B18: 17 | C18: 426 | D18: 17 | E18: 44522 | F18: PHO | G18: @ | H18: SAS | I18: W 115-111 | J18: * | K18: 1.4270833 | L18: 7 | M18: 17 | N18: 0.412 | O18: 4 | P18: 7 | Q18: 0.571 | R18: 3 | S18: 10 | T18: 0.3 | U18: 0.529 | V18: 5 | W18: 6 | X18: 0.833 | Y18: 1 | Z18: 2 | AA18: 3 | AB18: 4 | AC18: 0 | AD18: 0 | AE18: 4 | AF18: 3 | AG18: 23 | AH18: 12.4 | AI18: 1
A19: Devin Booker | B19: 18 | C19: 427 | D19: 18 | E19: 44524 | F19: PHO | G19: @ | H19: CLE | I19: W 120-115 | J19: * | K19: 1.6125 | L19: 14 | M19: 21 | N19: 0.667 | O19: 2 | P19: 3 | Q19: 0.667 | R19: 12 | S19: 18 | T19: 0.667 | U19: 0.714 | V19: 5 | W19: 6 | X19: 0.833 | Y19: 1 | Z19: 3 | AA19: 4 | AB19: 3 | AC19: 1 | AD19: 0 | AE19: 4 | AF19: 2 | AG19: 35 | AH19: 25.4 | AI19: -2
A20: Devin Booker | B20: 19 | C20: 428 | D20: 19 | E20: 44526 | F20: PHO | G20: @ | H20: NYK | I20: W 118-97 | J20: * | K20: 1.4770833 | L20: 14 | M20: 27 | N20: 0.519 | O20: 4 | P20: 9 | Q20: 0.444 | R20: 10 | S20: 18 | T20: 0.556 | U20: 0.593 | V20: 0 | W20: 0 | Y20: 0 | Z20: 1 | AA20: 1 | AB20: 3 | AC20: 1 | AD20: 1 | AE20: 3 | AF20: 0 | AG20: 32 | AH20: 19.8 | AI20: 15
A21: Devin Booker | B21: 20 | C21: 429 | D21: 20 | E21: 44527 | F21: PHO | G21: @ | H21: BRK | I21: W 113-107 | J21: * | K21: 1.3236111 | L21: 9 | M21: 18 | N21: 0.5 | O21: 4 | P21: 6 | Q21: 0.667 | R21: 5 | S21: 12 | T21: 0.417 | U21: 0.611 | V21: 8 | W21: 8 | X21: 1 | Y21: 0 | Z21: 1 | AA21: 1 | AB21: 4 | AC21: 1 | AD21: 0 | AE21: 3 | AF21: 5 | AG21: 30 | AH21: 20.1 | AI21: 7
A22: Devin Booker | B22: 21 | C22: 430 | D22: 21 | E22: 44530 | F22: PHO | H22: GSW | I22: W 104-96 | J22: * | K22: 0.64375 | L22: 4 | M22: 9 | N22: 0.444 | O22: 0 | P22: 2 | Q22: 0 | R22: 4 | S22: 7 | T22: 0.571 | U22: 0.444 | V22: 2 | W22: 2 | X22: 1 | Y22: 1 | Z22: 1 | AA22: 2 | AB22: 1 | AC22: 0 | AD22: 0 | AE22: 1 | AF22: 1 | AG22: 10 | AH22: 5.6 | AI22: -5
A23: Devin Booker | B23: 21 | D23: 22 | E23: 44532 | F23: PHO | H23: DET | I23: W 114-103 | J23: Did Not Dress | K23: Did Not Dress | L23: Did Not Dress | M23: Did Not Dress | N23: Did Not Dress | O23: Did Not Dress | P23: Did
A24: Devin Booker | B24: 21 | D24: 23 | E24: 44533 | F24: PHO | G24: @ | H24: GSW | I24: L 96-118 | J24: Did Not Dress | K24: Did Not Dress | L24: Did Not Dress | M24: Did Not Dress | N24: Did Not Dress | O24: Did Not Dress | P24: Did
A25: Devin Booker | B25: 21 | D25: 24 | E25: 44536 | F25: PHO | H25: SAS | I25: W 108-104 | J25: Did Not Dress | K25: Did Not Dress | L25: Did Not Dress | M25: Did Not Dress | N25: Did Not Dress | O25: Did Not Dress | P25: Did
A26: Devin Booker | B26: 21 | D26: 25 | E26: 44540 | F26: PHO | H26: BOS | I26: W 111-90 | J26: Did Not Dress | K26: Did Not Dress | L26: Did Not Dress | M26: Did Not Dress | N26: Did Not Dress | O26: Did Not Dress | P26: Did
A27: Devin Booker | B27: 21 | D27: 26 | E27: 44543 | F27: PHO | G27: @ | H27: LAC | I27: L 95-111 | J27: Did Not Dress | K27: Did Not Dress | L27: Did Not Dress | M27: Did Not Dress | N27: Did Not Dress | O27: Did Not Dress | P27: Did
A28: Devin Booker | B28: 21 | D28: 27 | E28: 44544 | F28: PHO | G28: @ | H28: POR | I28: W 111-107 (OT) | J28: Did Not Play | K28: Did Not Play | L28: Did Not Play | M28: Did Not Play | N28: Did Not Play | O28: Did Not Play | P28: Did
A29: Devin Booker | B29: 21 | D29: 28 | E29: 44546 | F29: PHO | H29: WAS | I29: W 118-98 | J29: Did Not Dress | K29: Did Not Dress | L29: Did Not Dress | M29: Did Not Dress | N29: Did Not Dress | O29: Did Not Dress | P29: Did
A30: Devin Booker | B30: 22 | C30: 431 | D30: 29 | E30: 44549 | F30: PHO | H30: CHO | I30: W 137-106 | J30: * | K30: 1.1013889 | L30: 6 | M30: 15 | N30: 0.4 | O30: 4 | P30: 8 | Q30: 0.5 | R30: 2 | S30: 7 | T30: 0.286 | U30: 0.533 | V30: 0 | W30: 0 | Y30: 0 | Z30: 6 | AA30: 6 | AB30: 5 | AC30: 1 | AD30: 0 | AE30: 1 | AF30: 4 | AG30: 16 | AH30: 11.6 | AI30: 32
A31: Devin Booker | B31: 23 | C31: 432 | D31: 30 | E31: 44551 | F31: PHO | G31: @ | H31: LAL | I31: W 108-90 | J31: * | K31: 1.3159722 | L31: 8 | M31: 16 | N31: 0.5 | O31: 6 | P31: 11 | Q31: 0.545 | R31: 2 | S31: 5 | T31: 0.4 | U31: 0.688 | V31: 2 | W31: 2 | X31: 1 | Y31: 1 | Z31: 8 | AA31: 9 | AB31: 7 | AC31: 1 | AD31: 0 | AE31: 5 | AF31: 2 | AG31: 24 | AH31: 19.2 | AI31: 14
A32: Devin Booker | B32: 24 | C32: 433 | D32: 31 | E32: 44553 | F32: PHO | H32: OKC | I32: W 113-101 | J32: * | K32: 1.4638889 | L32: 12 | M32: 23 | N32: 0.522 | O32: 4 | P32: 7 | Q32: 0.571 | R32: 8 | S32: 16 | T32: 0.5 | U32: 0.609 | V32: 2 | W32: 2 | X32: 1 | Y32: 2 | Z32: 5 | AA32: 7 | AB32: 7 | AC32: 2 | AD32: 1 | AE32: 2 | AF32: 3 | AG32: 30 | AH32: 26 | AI32: 19
A33: Devin Booker | B33: 25 | C33: 434 | D33: 32 | E33: 44555 | F33: PHO | H33: GSW | I33: L 107-116 | J33: * | K33: 1.68125 | L33: 5 | M33: 19 | N33: 0.263 | O33: 1 | P33: 5 | Q33: 0.2 | R33: 4 | S33: 14 | T33: 0.286 | U33: 0.289 | V33: 2 | W33: 2 | X33: 1 | Y33: 1 | Z33: 2 | AA33: 3 | AB33: 3 | AC33: 2 | AD33: 0 | AE33: 2 | AF33: 3 | AG33: 13 | AH33: 3.9 | AI33: -8
A34: Devin Booker | B34: 26 | C34: 435 | D34: 33 | E34: 44557 | F34: PHO | H34: MEM | I34: L 113-114 | J34: * | K34: 1.54375 | L34: 10 | M34: 20 | N34: 0.5 | O34: 3 | P34: 6 | Q34: 0.5 | R34: 7 | S34: 14 | T34: 0.5 | U34: 0.575 | V34: 7 | W34: 9 | X34: 0.778 | Y34: 0 | Z34: 2 | AA34: 2 | AB34: 4 | AC34: 2 | AD34: 2 | AE34: 3 | AF34: 0 | AG34: 30 | AH34: 23 | AI34: -8
A35: Devin Booker | B35: 27 | C35: 436 | D35: 34 | E35: 44559 | F35: PHO | H35: OKC | I35: W 115-97 | J35: * | K35: 1.4888889 | L35: 12 | M35: 24 | N35: 0.5 | O35: 6 | P35: 12 | Q35: 0.5 | R35: 6 | S35: 12 | T35: 0.5 | U35: 0.625 | V35: 8 | W35: 10 | X35: 0.8 | Y35: 1 | Z35: 6 | AA35: 7 | AB35: 5 | AC35: 0 | AD35: 2 | AE35: 1 | AF35: 1 | AG35: 38 | AH35: 31.2 | AI35: 18
A36: Devin Booker | B36: 28 | C36: 437 | D36: 35 | E36: 44561 | F36: PHO | G36: @ | H36: BOS | I36: L 108-123 | J36: * | K36: 1.5631944 | L36: 7 | M36: 26 | N36: 0.269 | O36: 1 | P36: 5 | Q36: 0.2 | R36: 6 | S36: 21 | T36: 0.286 | U36: 0.288 | V36: 7 | W36: 7 | X36: 1 | Y36: 0 | Z36: 6 | AA36: 6 | AB36: 4 | AC36: 2 | AD36: 0 | AE36: 2 | AF36: 2 | AG36: 22 | AH36: 10.4 | AI36: -16
A37: Devin Booker | B37: 29 | C37: 438 | D37: 36 | E37: 44563 | F37: PHO | G37: @ | H37: CHO | I37: W 133-99 | J37: * | K37: 1.20625 | L37: 9 | M37: 19 | N37: 0.474 | O37: 3 | P37: 9 | Q37: 0.333 | R37: 6 | S37: 10 | T37: 0.6 | U37: 0.553 | V37: 3 | W37: 3 | X37: 1 | Y37: 0 | Z37: 7 | AA37: 7 | AB37: 3 | AC37: 0 | AD37: 0 | AE37: 3 | AF37: 4 | AG37: 24 | AH37: 13.9 | AI37: 26
A38: Devin Booker | B38: 30 | C38: 439 | D38: 37 | E38: 44565 | F38: PHO | G38: @ | H38: NOP | I38: W 123-110 | J38: * | K38: 1.3361111 | L38: 12 | M38: 24 | N38: 0.5 | O38: 3 | P38: 6 | Q38: 0.5 | R38: 9 | S38: 18 | T38: 0.5 | U38: 0.563 | V38: 6 | W38: 6 | X38: 1 | Y38: 1 | Z38: 8 | AA38: 9 | AB38: 4 | AC38: 0 | AD38: 0 | AE38: 2 | AF38: 4 | AG38: 33 | AH38: 23.3 | AI38: 15
A39: Devin Booker | B39: 31 | C39: 440 | D39: 38 | E39: 44567 | F39: PHO | H39: LAC | I39: W 106-89 | J39: * | K39: 1.3944444 | L39: 5 | M39: 22 | N39: 0.227 | O39: 0 | P39: 7 | Q39: 0 | R39: 5 | S39: 15 | T39: 0.333 | U39: 0.227 | V39: 1 | W39: 2 | X39: 0.5 | Y39: 3 | Z39: 7 | AA39: 10 | AB39: 4 | AC39: 0 | AD39: 0 | AE39: 2 | AF39: 2 | AG39: 11 | AH39: 1.4 | AI39: -6
A40: Devin Booker | B40: 32 | C40: 441 | D40: 39 | E40: 44569 | F40: PHO | H40: MIA | I40: L 100-123 | J40: * | K40: 1.3895833 | L40: 5 | M40: 15 | N40: 0.333 | O40: 3 | P40: 5 | Q40: 0.6 | R40: 2 | S40: 10 | T40: 0.2 | U40: 0.433 | V40: 13 | W40: 13 | X40: 1 | Y40: 0 | Z40: 4 | AA40: 4 | AB40: 3 | AC40: 2 | AD40: 0 | AE40: 5 | AF40: 4 | AG40: 26 | AH40: 16.2 | AI40: -22
A41: Devin Booker | B41: 33 | C41: 442 | D41: 40 | E41: 44572 | F41: PHO | G41: @ | H41: TOR | I41: W 99-95 | J41: * | K41: 1.5055556 | L41: 4 | M41: 13 | N41: 0.308 | O41: 2 | P41: 7 | Q41: 0.286 | R41: 2 | S41: 6 | T41: 0.333 | U41: 0.385 | V41: 6 | W41: 8 | X41: 0.75 | Y41: 1 | Z41: 4 | AA41: 5 | AB41: 3 | AC41: 1 | AD41: 0 | AE41: 3 | AF41: 6 | AG41: 16 | AH41: 7.3 | AI41: -1
A42: Devin Booker | B42: 34 | C42: 443 | D42: 41 | E42: 44575 | F42: PHO | G42: @ | H42: IND | I42: W 112-94 | J42: * | K42: 1.4694444 | L42: 11 | M42: 25 | N42: 0.44 | O42: 6 | P42: 13 | Q42: 0.462 | R42: 5 | S42: 12 | T42: 0.417 | U42: 0.56 | V42: 7 | W42: 8 | X42: 0.875 | Y42: 2 | Z42: 2 | AA42: 4 | AB42: 3 | AC42: 0 | AD42: 1 | AE42: 2 | AF42: 2 | AG42: 35 | AH42: 23.5 | AI42: 7
A43: Devin Booker | B43: 35 | C43: 444 | D43: 42 | E43: 44577 | F43: PHO | G43: @ | H43: DET | I43: W 135-108 | J43: * | K43: 1.2326389 | L43: 11 | M43: 18 | N43: 0.611 | O43: 1 | P43: 5 | Q43: 0.2 | R43: 10 | S43: 13 | T43: 0.769 | U43: 0.639 | V43: 7 | W43: 10 | X43: 0.7 | Y43: 1 | Z43: 3 | AA43: 4 | AB43: 4 | AC43: 0 | AD43: 0 | AE43: 1 | AF43: 1 | AG43: 30 | AH43: 23.6 | AI43: 20
A44: Devin Booker | B44: 36 | C44: 445 | D44: 43 | E44: 44578 | F44: PHO | G44: @ | H44: SAS | I44: W 121-107 | J44: * | K44: 1.4520833 | L44: 18 | M44: 33 | N44: 0.545 | O44: 5 | P44: 13 | Q44: 0.385 | R44: 13 | S44: 20 | T44: 0.65 | U44: 0.621 | V44: 7 | W44: 8 | X44: 0.875 | Y44: 0 | Z44: 5 | AA44: 5 | AB44: 6 | AC44: 3 | AD44: 0 | AE44: 0 | AF44: 2 | AG44: 48 | AH44: 39.6 | AI44: 3
A45: Devin Booker | B45: 37 | C45: 446 | D45: 44 | E45: 44581 | F45: PHO | G45: @ | H45: DAL | I45: W 109-101 | J45: * | K45: 1.5958333 | L45: 11 | M45: 25 | N45: 0.44 | O45: 1 | P45: 8 | Q45: 0.125 | R45: 10 | S45: 17 | T45: 0.588 | U45: 0.46 | V45: 5 | W45: 5 | X45: 1 | Y45: 0 | Z45: 5 | AA45: 5 | AB45: 6 | AC45: 0 | AD45: 0 | AE45: 2 | AF45: 2 | AG45: 28 | AH45: 17.8 | AI45: 5
A46: Devin Booker | B46: 38 | C46: 447 | D46: 45 | E46: 44583 | F46: PHO | H46: IND | I46: W 113-103 | J46: * | K46: 1.6194444 | L46: 5 | M46: 23 | N46: 0.217 | O46: 0 | P46: 6 | Q46: 0 | R46: 5 | S46: 17 | T46: 0.294 | U46: 0.217 | V46: 1 | W46: 1 | X46: 1 | Y46: 1 | Z46: 6 | AA46: 7 | AB46: 3 | AC46: 2 | AD46: 2 | AE46: 3 | AF46: 4 | AG46: 11 | AH46: 0.3 | AI46: 5
A47: Devin Booker | B47: 39 | C47: 448 | D47: 46 | E47: 44585 | F47: PHO | H47: UTA | I47: W 115-109 | J47: * | K47: 1.5888889 | L47: 14 | M47: 35 | N47: 0.4 | O47: 3 | P47: 13 | Q47: 0.231 | R47: 11 | S47: 22 | T47: 0.5 | U47: 0.443 | V47: 2 | W47: 3 | X47: 0.667 | Y47: 2 | Z47: 5 | AA47: 7 | AB47: 3 | AC47: 2 | AD47: 2 | AE47: 3 | AF47: 4 | AG47: 33 | AH47: 17.5 | AI47: -3
A48: Devin Booker | B48: 40 | C48: 449 | D48: 47 | E48: 44587 | F48: PHO | G48: @ | H48: UTA | I48: W 105-97 | J48: * | K48: 1.6486111 | L48: 16 | M48: 28 | N48: 0.571 | O48: 2 | P48: 6 | Q48: 0.333 | R48: 14 | S48: 22 | T48: 0.636 | U48: 0.607 | V48: 9 | W48: 11 | X48: 0.818 | Y48: 1 | Z48: 11 | AA48: 12 | AB48: 4 | AC48: 1 | AD48: 0 | AE48: 3 | AF48: 2 | AG48: 43 | AH48: 33 | AI48: 18
A49: Devin Booker | B49: 41 | C49: 450 | D49: 48 | E49: 44589 | F49: PHO | H49: MIN | I49: W 134-124 | J49: * | K49: 1.5694444 | L49: 10 | M49: 26 | N49: 0.385 | O49: 4 | P49: 10 | Q49: 0.4 | R49: 6 | S49: 16 | T49: 0.375 | U49: 0.462 | V49: 5 | W49: 6 | X49: 0.833 | Y49: 0 | Z49: 3 | AA49: 3 | AB49: 9 | AC49: 1 | AD49: 0 | AE49: 1 | AF49: 2 | AG49: 29 | AH49: 20.8 | AI49: 17
A50: Devin Booker | B50: 42 | C50: 451 | D50: 49 | E50: 44591 | F50: PHO | H50: SAS | I50: W 115-110 | J50: * | K50: 1.5673611 | L50: 12 | M50: 24 | N50: 0.5 | O50: 4 | P50: 9 | Q50: 0.444 | R50: 8 | S50: 15 | T50: 0.533 | U50: 0.583 | V50: 0 | W50: 0 | Y50: 0 | Z50: 4 | AA50: 4 | AB50: 1 | AC50: 1 | AD50: 0 | AE50: 3 | AF50: 2 | AG50: 28 | AH50: 15.1 | AI50: -12
A51: Devin Booker | B51: 43 | C51: 452 | D51: 50 | E51: 44593 | F51: PHO | H51: BRK | I51: W 121-111 | J51: * | K51: 1.7034722 | L51: 13 | M51: 23 | N51: 0.565 | O51: 3 | P51: 8 | Q51: 0.375 | R51: 10 | S51: 15 | T51: 0.667 | U51: 0.63 | V51: 6 | W51: 7 | X51: 0.857 | Y51: 1 | Z51: 5 | AA51: 6 | AB51: 2 | AC51: 1 | AD51: 0 | AE51: 2 | AF51: 2 | AG51: 35 | AH51: 25.5 | AI51: 15
A52: Devin Booker | B52: 44 | C52: 453 | D52: 51 | E52: 44595 | F52: PHO | G52: @ | H52: ATL | I52: L 115-124 | J52: * | K52: 1.6013889 | L52: 13 | M52: 27 | N52: 0.481 | O52: 1 | P52: 8 | Q52: 0.125 | R52: 12 | S52: 19 | T52: 0.632 | U52: 0.5 | V52: 5 | W52: 7 | X52: 0.714 | Y52: 0 | Z52: 0 | AA52: 0 | AB52: 3 | AC52: 1 | AD52: 0 | AE52: 2 | AF52: 4 | AG52: 32 | AH52: 17 | AI52: -6
A53: Devin Booker | B53: 45 | C53: 454 | D53: 52 | E53: 44597 | F53: PHO | G53: @ | H53: WAS | I53: W 95-80 | J53: * | K53: 1.2340278 | L53: 5 | M53: 14 | N53: 0.357 | O53: 1 | P53: 6 | Q53: 0.167 | R53: 4 | S53: 8 | T53: 0.5 | U53: 0.393 | V53: 0 | W53: 0 | Y53: 1 | Z53: 6 | AA53: 7 | AB53: 5 | AC53: 0 | AD53: 0 | AE53: 1 | AF53: 2 | AG53: 11 | AH53: 7.4 | AI53: 23
A54: Devin Booker | B54: 46 | C54: 455 | D54: 53 | E54: 44599 | F54: PHO | G54: @ | H54: CHI | I54: W 127-124 | J54: * | K54: 1.5694444 | L54: 14 | M54: 23 | N54: 0.609 | O54: 5 | P54: 10 | Q54: 0.5 | R54: 9 | S54: 13 | T54: 0.692 | U54: 0.717 | V54: 5 | W54: 6 | X54: 0.833 | Y54: 0 | Z54: 4 | AA54: 4 | AB54: 5 | AC54: 1 | AD54: 0 | AE54: 1 | AF54: 2 | AG54: 38 | AH54: 31 | AI54: 7
A55: Devin Booker | B55: 47 | C55: 456 | D55: 54 | E55: 44600 | F55: PHO | G55: @ | H55: PHI | I55: W 114-109 | J55: * | K55: 1.5534722 | L55: 11 | M55: 23 | N55: 0.478 | O55: 3 | P55: 8 | Q55: 0.375 | R55: 8 | S55: 15 | T55: 0.533 | U55: 0.543 | V55: 10 | W55: 11 | X55: 0.909 | Y55: 0 | Z55: 4 | AA55: 4 | AB55: 3 | AC55: 1 | AD55: 0 | AE55: 0 | AF55: 3 | AG55: 35 | AH55: 26 | AI55: 13
A56: Devin Booker | B56: 48 | C56: 457 | D56: 55 | E56: 44602 | F56: PHO | H56: MIL | I56: W 131-107 | J56: * | K56: 1.4291667 | L56: 6 | M56: 19 | N56: 0.316 | O56: 2 | P56: 8 | Q56: 0.25 | R56: 4 | S56: 11 | T56: 0.364 | U56: 0.368 | V56: 3 | W56: 3 | X56: 1 | Y56: 1 | Z56: 3 | AA56: 4 | AB56: 7 | AC56: 1 | AD56: 0 | AE56: 2 | AF56: 4 | AG56: 17 | AH56: 10 | AI56: 11
A57: Devin Booker | B57: 49 | C57: 458 | D57: 56 | E57: 44604 | F57: PHO | H57: ORL | I57: W 132-105 | J57: * | K57: 1.2243056 | L57: 10 | M57: 24 | N57: 0.417 | O57: 3 | P57: 9 | Q57: 0.333 | R57: 7 | S57: 15 | T57: 0.467 | U57: 0.479 | V57: 3 | W57: 3 | X57: 1 | Y57: 1 | Z57: 4 | AA57: 5 | AB57: 5 | AC57: 0 | AD57: 1 | AE57: 0 | AF57: 0 | AG57: 26 | AH57: 19.3 | AI57: 13
A58: Devin Booker | B58: 50 | C58: 459 | D58: 57 | E58: 44607 | F58: PHO | H58: LAC | I58: W 103-96 | J58: * | K58: 1.5194444 | L58: 11 | M58: 19 | N58: 0.579 | O58: 3 | P58: 6 | Q58: 0.5 | R58: 8 | S58: 13 | T58: 0.615 | U58: 0.658 | V58: 1 | W58: 2 | X58: 0.5 | Y58: 2 | Z58: 1 | AA58: 3 | AB58: 4 | AC58: 3 | AD58: 1 | AE58: 4 | AF58: 3 | AG58: 26 | AH58: 19.7 | AI58: 9
A59: Devin Booker | B59: 51 | C59: 460 | D59: 58 | E59: 44608 | F59: PHO | H59: HOU | I59: W 124-121 | J59: * | K59: 1.8006944 | L59: 7 | M59: 22 | N59: 0.318 | O59: 1 | P59: 5 | Q59: 0.2 | R59: 6 | S59: 17 | T59: 0.353 | U59: 0.341 | V59: 9 | W59: 9 | X59: 1 | Y59: 0 | Z59: 3 | AA59: 3 | AB59: 8 | AC59: 3 | AD59: 2 | AE59: 3 | AF59: 3 | AG59: 24 | AH59: 18.1 | AI59: -1
A60: Devin Booker | B60: 52 | C60: 461 | D60: 59 | E60: 44616 | F60: PHO | G60: @ | H60: OKC | I60: W 124-104 | J60: * | K60: 1.5909722 | L60: 9 | M60: 16 | N60: 0.563 | O60: 1 | P60: 4 | Q60: 0.25 | R60: 8 | S60: 12 | T60: 0.667 | U60: 0.594 | V60: 6 | W60: 6 | X60: 1 | Y60: 0 | Z60: 5 | AA60: 5 | AB60: 12 | AC60: 6 | AD60: 0 | AE60: 4 | AF60: 1 | AG60: 25 | AH60: 28.9 | AI60: 26
A61: Devin Booker | B61: 53 | C61: 462 | D61: 60 | E61: 44617 | F61: PHO | H61: NOP | I61: L 102-117 | J61: * | K61: 1.5409722 | L61: 10 | M61: 24 | N61: 0.417 | O61: 2 | P61: 8 | Q61: 0.25 | R61: 8 | S61: 16 | T61: 0.5 | U61: 0.458 | V61: 8 | W61: 8 | X61: 1 | Y61: 0 | Z61: 3 | AA61: 3 | AB61: 5 | AC61: 1 | AD61: 2 | AE61: 4 | AF61: 3 | AG61: 30 | AH61: 18.8 | AI61: -21
A62: Devin Booker | B62: 54 | C62: 463 | D62: 61 | E62: 44619 | F62: PHO | H62: UTA | I62: L 114-118 | J62: * | K62: 1.6534722 | L62: 12 | M62: 24 | N62: 0.5 | O62: 4 | P62: 8 | Q62: 0.5 | R62: 8 | S62: 16 | T62: 0.5 | U62: 0.583 | V62: 2 | W62: 4 | X62: 0.5 | Y62: 0 | Z62: 7 | AA62: 7 | AB62: 7 | AC62: 2 | AD62: 0 | AE62: 3 | AF62: 2 | AG62: 30 | AH62: 22.4 | AI62: -6
A63: Devin Booker | B63: 54 | D63: 62 | E63: 44622 | F63: PHO | H63: POR | I63: W 120-90 | J63: Inactive | K63: Inactive | L63: Inactive | M63: Inactive | N63: Inactive | O63: Inactive | P63: Inactive | Q63: Inactive | R63: Inactive | S63: Inactiv
A64: Devin Booker | B64: 54 | D64: 63 | E64: 44624 | F64: PHO | H64: NYK | I64: W 115-114 | J64: Inactive | K64: Inactive | L64: Inactive | M64: Inactive | N64: Inactive | O64: Inactive | P64: Inactive | Q64: Inactive | R64: Inactive | S64: Inacti
A65: Devin Booker | B65: 54 | D65: 64 | E65: 44626 | F65: PHO | G65: @ | H65: MIL | I65: L 122-132 | J65: Inactive | K65: Inactive | L65: Inactive | M65: Inactive | N65: Inactive | O65: Inactive | P65: Inactive | Q65: Inactive | R65: Inactive | S65: Inact
A66: Devin Booker | B66: 54 | D66: 65 | E66: 44628 | F66: PHO | G66: @ | H66: ORL | I66: W 102-99 | J66: Inactive | K66: Inactive | L66: Inactive | M66: Inactive | N66: Inactive | O66: Inactive | P66: Inactive | Q66: Inactive | R66: Inactive | S66: Inacti
A67: Devin Booker | B67: 55 | C67: 464 | D67: 66 | E67: 44629 | F67: PHO | G67: @ | H67: MIA | I67: W 111-90 | J67: * | K67: 1.3888889 | L67: 7 | M67: 12 | N67: 0.583 | O67: 4 | P67: 7 | Q67: 0.571 | R67: 3 | S67: 5 | T67: 0.6 | U67: 0.75 | V67: 5 | W67: 5 | X67: 1 | Y67: 1 | Z67: 7 | AA67: 8 | AB67: 9 | AC67: 2 | AD67: 2 | AE67: 2 | AF67: 3 | AG67: 23 | AH67: 26.7 | AI67: 31
A68: Devin Booker | B68: 56 | C68: 465 | D68: 67 | E68: 44631 | F68: PHO | H68: TOR | I68: L 112-117 | J68: * | K68: 1.5215278 | L68: 9 | M68: 18 | N68: 0.5 | O68: 3 | P68: 7 | Q68: 0.429 | R68: 6 | S68: 11 | T68: 0.545 | U68: 0.583 | V68: 1 | W68: 2 | X68: 0.5 | Y68: 0 | Z68: 3 | AA68: 3 | AB68: 7 | AC68: 1 | AD68: 1 | AE68: 3 | AF68: 3 | AG68: 22 | AH68: 15.9 | AI68: -21
A69: Devin Booker | B69: 57 | C69: 466 | D69: 68 | E69: 44633 | F69: PHO | H69: LAL | I69: W 140-111 | J69: * | K69: 1.3326389 | L69: 12 | M69: 25 | N69: 0.48 | O69: 4 | P69: 10 | Q69: 0.4 | R69: 8 | S69: 15 | T69: 0.533 | U69: 0.56 | V69: 2 | W69: 2 | X69: 1 | Y69: 0 | Z69: 2 | AA69: 2 | AB69: 10 | AC69: 4 | AD69: 0 | AE69: 2 | AF69: 4 | AG69: 30 | AH69: 25.3 | AI69: 38
A70: Devin Booker | B70: 58 | C70: 467 | D70: 69 | E70: 44635 | F70: PHO | G70: @ | H70: NOP | I70: W 131-115 | J70: * | K70: 1.2479167 | L70: 11 | M70: 20 | N70: 0.55 | O70: 4 | P70: 9 | Q70: 0.444 | R70: 7 | S70: 11 | T70: 0.636 | U70: 0.65 | V70: 1 | W70: 1 | X70: 1 | Y70: 0 | Z70: 5 | AA70: 5 | AB70: 8 | AC70: 2 | AD70: 0 | AE70: 2 | AF70: 2 | AG70: 27 | AH70: 23.7 | AI70: 9
A71: Devin Booker | B71: 59 | C71: 468 | D71: 70 | E71: 44636 | F71: PHO | G71: @ | H71: HOU | I71: W 129-112 | J71: * | K71: 1.51875 | L71: 15 | M71: 24 | N71: 0.625 | O71: 5 | P71: 12 | Q71: 0.417 | R71: 10 | S71: 12 | T71: 0.833 | U71: 0.729 | V71: 1 | W71: 1 | X71: 1 | Y71: 0 | Z71: 4 | AA71: 4 | AB71: 4 | AC71: 0 | AD71: 1 | AE71: 3 | AF71: 2 | AG71: 36 | AH71: 26.1 | AI71: 12
A72: Devin Booker | B72: 60 | C72: 469 | D72: 71 | E72: 44638 | F72: PHO | H72: CHI | I72: W 129-102 | J72: * | K72: 1.3416667 | L72: 10 | M72: 18 | N72: 0.556 | O72: 1 | P72: 3 | Q72: 0.333 | R72: 9 | S72: 15 | T72: 0.6 | U72: 0.583 | V72: 7 | W72: 7 | X72: 1 | Y72: 1 | Z72: 3 | AA72: 4 | AB72: 3 | AC72: 0 | AD72: 0 | AE72: 3 | AF72: 3 | AG72: 28 | AH72: 18.9 | AI72: 27
A73: Devin Booker | B73: 61 | C73: 470 | D73: 72 | E73: 44640 | F73: PHO | G73: @ | H73: SAC | I73: W 127-124 (OT) | J73: * | K73: 1.5569444 | L73: 11 | M73: 21 | N73: 0.524 | O73: 2 | P73: 5 | Q73: 0.4 | R73: 9 | S73: 16 | T73: 0.563 | U73: 0.571 | V73: 7 | W73: 7 | X73: 1 | Y73: 0 | Z73: 7 | AA73: 7 | AB73: 5 | AC73: 1 | AD73: 0 | AE73: 3 | AF73: 6 | AG73: 31 | AH73: 21.9 | AI73: 3
A74: Devin Booker | B74: 62 | C74: 471 | D74: 73 | E74: 44643 | F74: PHO | G74: @ | H74: MIN | I74: W 125-116 | J74: * | K74: 1.4673611 | L74: 7 | M74: 15 | N74: 0.467 | O74: 1 | P74: 4 | Q74: 0.25 | R74: 6 | S74: 11 | T74: 0.545 | U74: 0.5 | V74: 13 | W74: 16 | X74: 0.813 | Y74: 0 | Z74: 3 | AA74: 3 | AB74: 7 | AC74: 1 | AD74: 0 | AE74: 2 | AF74: 2 | AG74: 28 | AH74: 23.1 | AI74: 4
A75: Devin Booker | B75: 63 | C75: 472 | D75: 74 | E75: 44644 | F75: PHO | G75: @ | H75: DEN | I75: W 140-130 | J75: * | K75: 1.6222222 | L75: 16 | M75: 25 | N75: 0.64 | O75: 2 | P75: 5 | Q75: 0.4 | R75: 14 | S75: 20 | T75: 0.7 | U75: 0.68 | V75: 15 | W75: 17 | X75: 0.882 | Y75: 0 | Z75: 4 | AA75: 4 | AB75: 10 | AC75: 3 | AD75: 1 | AE75: 2 | AF75: 3 | AG75: 49 | AH75: 45.8 | AI75: 16
A76: Devin Booker | B76: 64 | C76: 473 | D76: 75 | E76: 44647 | F76: PHO | H76: PHI | I76: W 114-104 | J76: * | K76: 1.4555556 | L76: 13 | M76: 22 | N76: 0.591 | O76: 3 | P76: 5 | Q76: 0.6 | R76: 10 | S76: 17 | T76: 0.588 | U76: 0.659 | V76: 6 | W76: 8 | X76: 0.75 | Y76: 1 | Z76: 1 | AA76: 2 | AB76: 2 | AC76: 0 | AD76: 0 | AE76: 3 | AF76: 3 | AG76: 35 | AH76: 22.2 | AI76: 7
A77: Devin Booker | B77: 65 | C77: 474 | D77: 76 | E77: 44650 | F77: PHO | G77: @ | H77: GSW | I77: W 107-103 | J77: * | K77: 1.5597222 | L77: 5 | M77: 21 | N77: 0.238 | O77: 2 | P77: 8 | Q77: 0.25 | R77: 3 | S77: 13 | T77: 0.231 | U77: 0.286 | V77: 10 | W77: 12 | X77: 0.833 | Y77: 0 | Z77: 5 | AA77: 5 | AB77: 2 | AC77: 0 | AD77: 0 | AE77: 0 | AF77: 4 | AG77: 22 | AH77: 9.8 | AI77: 3
A78: Devin Booker | B78: 66 | C78: 475 | D78: 77 | E78: 44652 | F78: PHO | G78: @ | H78: MEM | I78: L 114-122 | J78: * | K78: 1.5520833 | L78: 17 | M78: 28 | N78: 0.607 | O78: 3 | P78: 6 | Q78: 0.5 | R78: 14 | S78: 22 | T78: 0.636 | U78: 0.661 | V78: 4 | W78: 5 | X78: 0.8 | Y78: 0 | Z78: 4 | AA78: 4 | AB78: 4 | AC78: 0 | AD78: 0 | AE78: 3 | AF78: 5 | AG78: 41 | AH78: 26.8 | AI78: -5
A79: Devin Booker | B79: 66 | D79: 78 | E79: 44654 | F79: PHO | G79: @ | H79: OKC | I79: L 96-117 | J79: Did Not Dress | K79: Did Not Dress | L79: Did Not Dress | M79: Did Not Dress | N79: Did Not Dress | O79: Did Not Dress | P79: Did
A80: Devin Booker | B80: 67 | C80: 476 | D80: 79 | E80: 44656 | F80: PHO | H80: LAL | I80: W 121-110 | J80: * | K80: 1.2375 | L80: 12 | M80: 22 | N80: 0.545 | O80: 6 | P80: 9 | Q80: 0.667 | R80: 6 | S80: 13 | T80: 0.462 | U80: 0.682 | V80: 2 | W80: 2 | X80: 1 | Y80: 1 | Z80: 6 | AA80: 7 | AB80: 4 | AC80: 1 | AD80: 0 | AE80: 1 | AF80: 2 | AG80: 32 | AH80: 25.9 | AI80: 14
A81: Devin Booker | B81: 67 | D81: 80 | E81: 44657 | F81: PHO | G81: @ | H81: LAC | I81: L 109-113 | J81: Did Not Dress | K81: Did Not Dress | L81: Did Not Dress | M81: Did Not Dress | N81: Did Not Dress | O81: Did Not Dress | P81: Di
A82: Devin Booker | B82: 68 | C82: 477 | D82: 81 | E82: 44659 | F82: PHO | G82: @ | H82: UTA | I82: W 111-105 | J82: * | K82: 1.5729167 | L82: 13 | M82: 26 | N82: 0.5 | O82: 2 | P82: 5 | Q82: 0.4 | R82: 11 | S82: 21 | T82: 0.524 | U82: 0.538 | V82: 5 | W82: 5 | X82: 1 | Y82: 0 | Z82: 4 | AA82: 4 | AB82: 3 | AC82: 0 | AD82: 0 | AE82: 1 | AF82: 4 | AG82: 33 | AH82: 20.7 | AI82: 11
A83: Devin Booker | B83: 68 | D83: 82 | E83: 44661 | F83: PHO | H83: SAC | I83: L 109-116 | J83: Did Not Dress | K83: Did Not Dress | L83: Did Not Dress | M83: Did Not Dress | N83: Did Not Dress | O83: Did Not Dress | P83: Did
A84: Devin Booker | B84: 1 | C84: 23 | D84: 1 | E84: 44668 | F84: PHO | H84: NOP | I84: W 110-99 | J84: * | K84: 1.6923611 | L84: 8 | M84: 19 | N84: 0.421 | O84: 4 | P84: 8 | Q84: 0.5 | R84: 4 | S84: 11 | T84: 0.364 | U84: 0.526 | V84: 5 | W84: 6 | X84: 0.833 | Y84: 0 | Z84: 4 | AA84: 4 | AB84: 8 | AC84: 1 | AD84: 0 | AE84: 1 | AF84: 2 | AG84: 25 | AH84: 20.5 | AI84: 7
A85: Devin Booker | B85: 2 | C85: 24 | D85: 2 | E85: 44670 | F85: PHO | H85: NOP | I85: L 114-125 | J85: * | K85: 1.0326389 | L85: 12 | M85: 19 | N85: 0.632 | O85: 7 | P85: 11 | Q85: 0.636 | R85: 5 | S85: 8 | T85: 0.625 | U85: 0.816 | V85: 0 | W85: 0 | Y85: 1 | Z85: 1 | AA85: 2 | AB85: 1 | AC85: 0 | AD85: 0 | AE85: 2 | AF85: 3 | AG85: 31 | AH85: 21 | AI85: -6
A86: Devin Booker | B86: 2 | D86: 3 | E86: 44673 | F86: PHO | G86: @ | H86: NOP | I86: W 114-111 | J86: Did Not Dress | K86: Did Not Dress | L86: Did Not Dress | M86: Did Not Dress | N86: Did Not Dress | O86: Did Not Dress | P86: Did | AJ86: Dress,Did | AK86: Not | AL86: Dress,Did | AM86: Not | AN86: Dress,Did | AO86: Not | AP86: Dress
A87: Devin Booker | B87: 2 | D87: 4 | E87: 44675 | F87: PHO | G87: @ | H87: NOP | I87: L 103-118 | J87: Did Not Dress | K87: Did Not Dress | L87: Did Not Dress | M87: Did Not Dress | N87: Did Not Dress | O87: Did Not Dress | P87: Did | AJ87: Dress,Did | AK87: Not | AL87: Dress,Did | AM87: Not | AN87: Dress,Did | AO87: Not | AP87: Dress
A88: Devin Booker | B88: 2 | D88: 5 | E88: 44677 | F88: PHO | H88: NOP | I88: W 112-97 | J88: Did Not Dress | K88: Did Not Dress | L88: Did Not Dress | M88: Did Not Dress | N88: Did Not Dress | O88: Did Not Dress | P88: Did N | AJ88: ress,Did N | AK88: ot D | AL88: ress,Did N | AM88: ot D | AN88: ress,Did N | AO88: ot D | AP88: ress
A89: Devin Booker | B89: 3 | C89: 25 | D89: 6 | E89: 44679 | F89: PHO | G89: @ | H89: NOP | I89: W 115-109 | J89: * | K89: 1.3430556 | L89: 5 | M89: 12 | N89: 0.417 | O89: 1 | P89: 6 | Q89: 0.167 | R89: 4 | S89: 6 | T89: 0.667 | U89: 0.458 | V89: 2 | W89: 2 | X89: 1 | Y89: 0 | Z89: 5 | AA89: 5 | AB89: 3 | AC89: 0 | AD89: 0 | AE89: 2 | AF89: 0 | AG89: 13 | AH89: 8.2 | AI89: 9
A90: Devin Booker | B90: 4 | C90: 26 | D90: 7 | E90: 44683 | F90: PHO | H90: DAL | I90: W 121-114 | J90: * | K90: 1.5923611 | L90: 7 | M90: 20 | N90: 0.35 | O90: 1 | P90: 5 | Q90: 0.2 | R90: 6 | S90: 15 | T90: 0.4 | U90: 0.375 | V90: 8 | W90: 8 | X90: 1 | Y90: 3 | Z90: 6 | AA90: 9 | AB90: 8 | AC90: 0 | AD90: 1 | AE90: 1 | AF90: 1 | AG90: 23 | AH90: 20.6 | AI90: 6
A91: Devin Booker | B91: 5 | C91: 27 | D91: 8 | E91: 44685 | F91: PHO | H91: DAL | I91: W 129-109 | J91: * | K91: 1.4805556 | L91: 11 | M91: 19 | N91: 0.579 | O91: 5 | P91: 8 | Q91: 0.625 | R91: 6 | S91: 11 | T91: 0.545 | U91: 0.711 | V91: 3 | W91: 3 | X91: 1 | Y91: 1 | Z91: 3 | AA91: 4 | AB91: 4 | AC91: 0 | AD91: 1 | AE91: 2 | AF91: 4 | AG91: 30 | AH91: 22.6 | AI91: 21
A92: Devin Booker | B92: 6 | C92: 28 | D92: 9 | E92: 44687 | F92: PHO | G92: @ | H92: DAL | I92: L 94-103 | J92: * | K92: 1.6680556 | L92: 6 | M92: 13 | N92: 0.462 | O92: 4 | P92: 6 | Q92: 0.667 | R92: 2 | S92: 7 | T92: 0.286 | U92: 0.615 | V92: 2 | W92: 4 | X92: 0.5 | Y92: 0 | Z92: 2 | AA92: 2 | AB92: 6 | AC92: 0 | AD92: 0 | AE92: 5 | AF92: 1 | AG92: 18 | AH92: 9.9 | AI92: -12
A93: Devin Booker | B93: 7 | C93: 29 | D93: 10 | E93: 44689 | F93: PHO | G93: @ | H93: DAL | I93: L 101-111 | J93: * | K93: 1.8048611 | L93: 10 | M93: 22 | N93: 0.455 | O93: 3 | P93: 6 | Q93: 0.5 | R93: 7 | S93: 16 | T93: 0.438 | U93: 0.523 | V93: 12 | W93: 13 | X93: 0.923 | Y93: 1 | Z93: 3 | AA93: 4 | AB93: 7 | AC93: 0 | AD93: 1 | AE93: 5 | AF93: 4 | AG93: 35 | AH93: 23.8 | AI93: -12
A94: Devin Booker | B94: 8 | C94: 30 | D94: 11 | E94: 44691 | F94: PHO | H94: DAL | I94: W 110-80 | J94: * | K94: 1.4666667 | L94: 11 | M94: 20 | N94: 0.55 | O94: 3 | P94: 7 | Q94: 0.429 | R94: 8 | S94: 13 | T94: 0.615 | U94: 0.625 | V94: 3 | W94: 4 | X94: 0.75 | Y94: 1 | Z94: 6 | AA94: 7 | AB94: 2 | AC94: 2 | AD94: 0 | AE94: 2 | AF94: 3 | AG94: 28 | AH94: 20.7 | AI94: 25
A95: Devin Booker | B95: 9 | C95: 31 | D95: 12 | E95: 44693 | F95: PHO | G95: @ | H95: DAL | I95: L 86-113 | J95: * | K95: 1.625 | L95: 6 | M95: 17 | N95: 0.353 | O95: 0 | P95: 4 | Q95: 0 | R95: 6 | S95: 13 | T95: 0.462 | U95: 0.353 | V95: 7 | W95: 7 | X95: 1 | Y95: 2 | Z95: 6 | AA95: 8 | AB95: 3 | AC95: 1 | AD95: 1 | AE95: 8 | AF95: 4 | AG95: 19 | AH95: 6.9 | AI95: -19
A96: Devin Booker | B96: 10 | C96: 32 | D96: 13 | E96: 44696 | F96: PHO | H96: DAL | I96: L 90-123 | J96: * | K96: 1.5409722 | L96: 3 | M96: 14 | N96: 0.214 | O96: 0 | P96: 4 | Q96: 0 | R96: 3 | S96: 10 | T96: 0.3 | U96: 0.214 | V96: 5 | W96: 6 | X96: 0.833 | Y96: 1 | Z96: 2 | AA96: 3 | AB96: 2 | AC96: 1 | AD96: 0 | AE96: 4 | AF96: 3 | AG96: 11 | AH96: 0.5 | AI96: -41

Sheet draymond
A1: Player | B1: Rk | C1: Gcar | D1: Gtm | E1: Date | F1: Team | H1: Opp | I1: Result | J1: GS | K1: MP | L1: FG | M1: FGA | N1: FG% | O1: 3P | P1: 3PA | Q1: 3P% | R1: 2P | S1: 2PA | T1: 2P% | U1: eFG% | V1: FT | W1: FTA | X1: FT% | Y1: ORB | Z1: DRB | AA1: TRB | AB1: AST | AC1: STL | AD1: BLK | AE1: TOV | AF1: PF | AG1: PTS | AH1: GmSc | AI1: +/-
A2: Draymond Green | B2: 1 | C2: 640 | D2: 1 | E2: 44488 | F2: GSW | G2: @ | H2: LAL | I2: W 121-114 | J2: * | K2: 1.2472222 | L2: 2 | M2: 5 | N2: 0.4 | O2: 0 | P2: 0 | R2: 2 | S2: 5 | T2: 0.4 | U2: 0.4 | V2: 2 | W2: 4 | X2: 0.5 | Y2: 3 | Z2: 5 | AA2: 8 | AB2: 6 | AC2: 1 | AD2: 0 | AE2: 5 | AF2: 3 | AG2: 6 | AH2: 5.1 | AI2: -2
A3: Draymond Green | B3: 2 | C3: 641 | D3: 2 | E3: 44490 | F3: GSW | H3: LAC | I3: W 115-113 | J3: * | K3: 1.4048611 | L3: 4 | M3: 5 | N3: 0.8 | O3: 0 | P3: 0 | R3: 4 | S3: 5 | T3: 0.8 | U3: 0.8 | V3: 2 | W3: 9 | X3: 0.222 | Y3: 0 | Z3: 6 | AA3: 6 | AB3: 7 | AC3: 1 | AD3: 0 | AE3: 1 | AF3: 3 | AG3: 10 | AH3: 10.8 | AI3: -7
A4: Draymond Green | B4: 3 | C4: 642 | D4: 3 | E4: 44493 | F4: GSW | G4: @ | H4: SAC | I4: W 119-107 | J4: * | K4: 1.4326389 | L4: 6 | M4: 12 | N4: 0.5 | O4: 1 | P4: 2 | Q4: 0.5 | R4: 5 | S4: 10 | T4: 0.5 | U4: 0.542 | V4: 1 | W4: 2 | X4: 0.5 | Y4: 2 | Z4: 4 | AA4: 6 | AB4: 6 | AC4: 0 | AD4: 0 | AE4: 1 | AF4: 1 | AG4: 14 | AH4: 13 | AI4: 10
A5: Draymond Green | B5: 4 | C5: 643 | D5: 4 | E5: 44495 | F5: GSW | G5: @ | H5: OKC | I5: W 106-98 | J5: * | K5: 1.3368056 | L5: 3 | M5: 4 | N5: 0.75 | O5: 1 | P5: 1 | Q5: 1 | R5: 2 | S5: 3 | T5: 0.667 | U5: 0.875 | V5: 1 | W5: 2 | X5: 0.5 | Y5: 1 | Z5: 8 | AA5: 9 | AB5: 8 | AC5: 3 | AD5: 1 | AE5: 4 | AF5: 5 | AG5: 8 | AH5: 12.4 | AI5: 0
A6: Draymond Green | B6: 5 | C6: 644 | D6: 5 | E6: 44497 | F6: GSW | H6: MEM | I6: L 101-104 (OT) | J6: * | K6: 1.5673611 | L6: 2 | M6: 5 | N6: 0.4 | O6: 0 | P6: 0 | R6: 2 | S6: 5 | T6: 0.4 | U6: 0.4 | V6: 0 | W6: 0 | Y6: 1 | Z6: 11 | AA6: 12 | AB6: 7 | AC6: 3 | AD6: 5 | AE6: 5 | AF6: 2 | AG6: 4 | AH6: 10.9 | AI6: 3
A7: Draymond Green | B7: 6 | C7: 645 | D7: 6 | E7: 44499 | F7: GSW | H7: OKC | I7: W 103-82 | J7: * | K7: 1.0625 | L7: 6 | M7: 8 | N7: 0.75 | O7: 1 | P7: 2 | Q7: 0.5 | R7: 5 | S7: 6 | T7: 0.833 | U7: 0.813 | V7: 1 | W7: 2 | X7: 0.5 | Y7: 0 | Z7: 11 | AA7: 11 | AB7: 8 | AC7: 0 | AD7: 1 | AE7: 2 | AF7: 2 | AG7: 14 | AH7: 17.2 | AI7: 16
A8: Draymond Green | B8: 7 | C8: 646 | D8: 7 | E8: 44503 | F8: GSW | H8: CHO | I8: W 114-92 | J8: * | K8: 1.45 | L8: 2 | M8: 5 | N8: 0.4 | O8: 0 | P8: 0 | R8: 2 | S8: 5 | T8: 0.4 | U8: 0.4 | V8: 1 | W8: 3 | X8: 0.333 | Y8: 1 | Z8: 9 | AA8: 10 | AB8: 8 | AC8: 1 | AD8: 0 | AE8: 3 | AF8: 2 | AG8: 5 | AH8: 7.7 | AI8: 26
A9: Draymond Green | B9: 8 | C9: 647 | D9: 8 | E9: 44505 | F9: GSW | H9: NOP | I9: W 126-85 | J9: * | K9: 1.0208333 | L9: 3 | M9: 5 | N9: 0.6 | O9: 0 | P9: 2 | Q9: 0 | R9: 3 | S9: 3 | T9: 1 | U9: 0.6 | V9: 2 | W9: 2 | X9: 1 | Y9: 4 | Z9: 4 | AA9: 8 | AB9: 5 | AC9: 1 | AD9: 1 | AE9: 0 | AF9: 4 | AG9: 8 | AH9: 13.3 | AI9: 10
A10: Draymond Green | B10: 9 | C10: 648 | D10: 9 | E10: 44507 | F10: GSW | H10: HOU | I10: W 120-107 | J10: * | K10: 0.93194444 | L10: 3 | M10: 5 | N10: 0.6 | O10: 0 | P10: 1 | Q10: 0 | R10: 3 | S10: 4 | T10: 0.75 | U10: 0.6 | V10: 0 | W10: 0 | Y10: 1 | Z10: 7 | AA10: 8 | AB10: 9 | AC10: 0 | AD10: 1 | AE10: 6 | AF10: 4 | AG10: 6 | AH10: 5.9 | AI10: 8
A11: Draymond Green | B11: 10 | C11: 649 | D11: 10 | E11: 44508 | F11: GSW | H11: ATL | I11: W 127-113 | J11: * | K11: 1.24375 | L11: 2 | M11: 8 | N11: 0.25 | O11: 0 | P11: 1 | Q11: 0 | R11: 2 | S11: 7 | T11: 0.286 | U11: 0.25 | V11: 0 | W11: 0 | Y11: 4 | Z11: 3 | AA11: 7 | AB11: 9 | AC11: 2 | AD11: 0 | AE11: 3 | AF11: 3 | AG11: 4 | AH11: 7 | AI11: 13
A12: Draymond Green | B12: 11 | C12: 650 | D12: 11 | E12: 44510 | F12: GSW | H12: MIN | I12: W 123-110 | J12: * | K12: 0.88472222 | L12: 0 | M12: 3 | N12: 0 | O12: 0 | P12: 1 | Q12: 0 | R12: 0 | S12: 2 | T12: 0 | U12: 0 | V12: 7 | W12: 8 | X12: 0.875 | Y12: 2 | Z12: 3 | AA12: 5 | AB12: 6 | AC12: 2 | AD12: 1 | AE12: 3 | AF12: 0 | AG12: 7 | AH12: 10.7 | AI12: 1
A13: Draymond Green | B13: 12 | C13: 651 | D13: 12 | E13: 44512 | F13: GSW | H13: CHI | I13: W 119-93 | J13: * | K13: 1.1673611 | L13: 4 | M13: 6 | N13: 0.667 | O13: 1 | P13: 1 | Q13: 1 | R13: 3 | S13: 5 | T13: 0.6 | U13: 0.75 | V13: 0 | W13: 0 | Y13: 1 | Z13: 8 | AA13: 9 | AB13: 7 | AC13: 1 | AD13: 0 | AE13: 2 | AF13: 3 | AG13: 9 | AH13: 12.2 | AI13: 10
A14: Draymond Green | B14: 13 | C14: 652 | D14: 13 | E14: 44514 | F14: GSW | G14: @ | H14: CHO | I14: L 102-106 | J14: * | K14: 1.3520833 | L14: 5 | M14: 7 | N14: 0.714 | O14: 1 | P14: 2 | Q14: 0.5 | R14: 4 | S14: 5 | T14: 0.8 | U14: 0.786 | V14: 0 | W14: 0 | Y14: 0 | Z14: 6 | AA14: 6 | AB14: 6 | AC14: 0 | AD14: 2 | AE14: 3 | AF14: 3 | AG14: 11 | AH14: 11.3 | AI14: -8
A15: Draymond Green | B15: 14 | C15: 653 | D15: 14 | E15: 44516 | F15: GSW | G15: @ | H15: BRK | I15: W 117-99 | J15: * | K15: 1.1965278 | L15: 5 | M15: 6 | N15: 0.833 | O15: 1 | P15: 2 | Q15: 0.5 | R15: 4 | S15: 4 | T15: 1 | U15: 0.917 | V15: 0 | W15: 0 | Y15: 0 | Z15: 6 | AA15: 6 | AB15: 8 | AC15: 1 | AD15: 0 | AE15: 3 | AF15: 3 | AG15: 11 | AH15: 13 | AI15: 17
A16: Draymond Green | B16: 15 | C16: 654 | D16: 15 | E16: 44518 | F16: GSW | G16: @ | H16: CLE | I16: W 104-89 | J16: * | K16: 1.2423611 | L16: 2 | M16: 3 | N16: 0.667 | O16: 0 | P16: 1 | Q16: 0 | R16: 2 | S16: 2 | T16: 1 | U16: 0.667 | V16: 0 | W16: 0 | Y16: 1 | Z16: 1 | AA16: 2 | AB16: 14 | AC16: 1 | AD16: 1 | AE16: 2 | AF16: 1 | AG16: 4 | AH16: 12.8 | AI16: 0
A17: Draymond Green | B17: 15 | D17: 16 | E17: 44519 | F17: GSW | G17: @ | H17: DET | I17: W 105-102 | J17: Inactive | K17: Inactive | L17: Inactive | M17: Inactive | N17: Inactive | O17: Inactive | P17: Inactive | Q17: Inactive | R17: Inactive | S17: Inactive | T17: Inactive | U17: Inactive | V17: Inactive | W17: Inactive | X17: Inactive | Y17: Inactive | Z17: Inactive | AA17: Inactive | AB17: Inactive | AC17: Inactive | AD17: Inactive | AE17: Inactive | AF17: Inactive | AG17: Inactive | AH17: Inactive | AI17: Inactive
A18: Draymond Green | B18: 16 | C18: 655 | D18: 17 | E18: 44521 | F18: GSW | H18: TOR | I18: W 119-104 | J18: * | K18: 1.3326389 | L18: 1 | M18: 3 | N18: 0.333 | O18: 0 | P18: 1 | Q18: 0 | R18: 1 | S18: 2 | T18: 0.5 | U18: 0.333 | V18: 2 | W18: 2 | X18: 1 | Y18: 0 | Z18: 14 | AA18: 14 | AB18: 8 | AC18: 0 | AD18: 1 | AE18: 1 | AF18: 1 | AG18: 4 | AH18: 11.4 | AI18: 24
A19: Draymond Green | B19: 17 | C19: 656 | D19: 18 | E19: 44524 | F19: GSW | H19: PHI | I19: W 116-96 | J19: * | K19: 1.1826389 | L19: 3 | M19: 5 | N19: 0.6 | O19: 0 | P19: 1 | Q19: 0 | R19: 3 | S19: 4 | T19: 0.75 | U19: 0.6 | V19: 4 | W19: 4 | X19: 1 | Y19: 0 | Z19: 9 | AA19: 9 | AB19: 7 | AC19: 1 | AD19: 0 | AE19: 4 | AF19: 4 | AG19: 10 | AH19: 10.7 | AI19: 11
A20: Draymond Green | B20: 18 | C20: 657 | D20: 19 | E20: 44526 | F20: GSW | H20: POR | I20: W 118-103 | J20: * | K20: 1.4291667 | L20: 5 | M20: 8 | N20: 0.625 | O20: 0 | P20: 1 | Q20: 0 | R20: 5 | S20: 7 | T20: 0.714 | U20: 0.625 | V20: 2 | W20: 3 | X20: 0.667 | Y20: 1 | Z20: 7 | AA20: 8 | AB20: 12 | AC20: 2 | AD20: 3 | AE20: 6 | AF20: 3 | AG20: 12 | AH20: 16.1 | AI20: 17
A21: Draymond Green | B21: 19 | C21: 658 | D21: 20 | E21: 44528 | F21: GSW | G21: @ | H21: LAC | I21: W 105-90 | J21: * | K21: 1.2527778 | L21: 3 | M21: 7 | N21: 0.429 | O21: 0 | P21: 0 | R21: 3 | S21: 7 | T21: 0.429 | U21: 0.429 | V21: 2 | W21: 4 | X21: 0.5 | Y21: 0 | Z21: 4 | AA21: 4 | AB21: 7 | AC21: 2 | AD21: 0 | AE21: 4 | AF21: 4 | AG21: 8 | AH21: 6 | AI21: -3
A22: Draymond Green | B22: 20 | C22: 659 | D22: 21 | E22: 44530 | F22: GSW | G22: @ | H22: PHO | I22: L 96-104 | J22: * | K22: 1.3506944 | L22: 4 | M22: 8 | N22: 0.5 | O22: 0 | P22: 0 | R22: 4 | S22: 8 | T22: 0.5 | U22: 0.5 | V22: 0 | W22: 0 | Y22: 3 | Z22: 8 | AA22: 11 | AB22: 5 | AC22: 0 | AD22: 1 | AE22: 5 | AF22: 3 | AG22: 8 | AH22: 6.5 | AI22: -7
A23: Draymond Green | B23: 21 | C23: 660 | D23: 22 | E23: 44533 | F23: GSW | H23: PHO | I23: W 118-96 | J23: * | K23: 1.26875 | L23: 4 | M23: 6 | N23: 0.667 | O23: 1 | P23: 1 | Q23: 1 | R23: 3 | S23: 5 | T23: 0.6 | U23: 0.75 | V23: 0 | W23: 0 | Y23: 0 | Z23: 9 | AA23: 9 | AB23: 9 | AC23: 6 | AD23: 3 | AE23: 2 | AF23: 2 | AG23: 9 | AH23: 20.7 | AI23: 25
A24: Draymond Green | B24: 22 | C24: 661 | D24: 23 | E24: 44534 | F24: GSW | H24: SAS | I24: L 107-112 | J24: * | K24: 1.3680556 | L24: 4 | M24: 7 | N24: 0.571 | O24: 0 | P24: 2 | Q24: 0 | R24: 4 | S24: 5 | T24: 0.8 | U24: 0.571 | V24: 1 | W24: 2 | X24: 0.5 | Y24: 1 | Z24: 7 | AA24: 8 | AB24: 9 | AC24: 1 | AD24: 1 | AE24: 4 | AF24: 1 | AG24: 9 | AH24: 11.7 | AI24: -14
A25: Draymond Green | B25: 23 | C25: 662 | D25: 24 | E25: 44536 | F25: GSW | H25: ORL | I25: W 126-95 | J25: * | K25: 1.1875 | L25: 3 | M25: 4 | N25: 0.75 | O25: 0 | P25: 0 | R25: 3 | S25: 4 | T25: 0.75 | U25: 0.75 | V25: 1 | W25: 2 | X25: 0.5 | Y25: 1 | Z25: 6 | AA25: 7 | AB25: 3 | AC25: 3 | AD25: 1 | AE25: 3 | AF25: 3 | AG25: 7 | AH25: 9.1 | AI25: 18
A26: Draymond Green | B26: 24 | C26: 663 | D26: 25 | E26: 44538 | F26: GSW | H26: POR | I26: W 104-94 | J26: * | K26: 1.3520833 | L26: 1 | M26: 5 | N26: 0.2 | O26: 0 | P26: 1 | Q26: 0 | R26: 1 | S26: 4 | T26: 0.25 | U26: 0.2 | V26: 3 | W26: 6 | X26: 0.5 | Y26: 2 | Z26: 8 | AA26: 10 | AB26: 8 | AC26: 1 | AD26: 1 | AE26: 3 | AF26: 2 | AG26: 5 | AH26: 8 | AI26: 6
A27: Draymond Green | B27: 25 | C27: 664 | D27: 26 | E27: 44541 | F27: GSW | G27: @ | H27: PHI | I27: L 93-102 | J27: * | K27: 1.1875 | L27: 2 | M27: 4 | N27: 0.5 | O27: 0 | P27: 1 | Q27: 0 | R27: 2 | S27: 3 | T27: 0.667 | U27: 0.5 | V27: 3 | W27: 4 | X27: 0.75 | Y27: 0 | Z27: 4 | AA27: 4 | AB27: 2 | AC27: 3 | AD27: 0 | AE27: 2 | AF27: 5 | AG27: 7 | AH27: 6.2 | AI27: -5
A28: Draymond Green | B28: 26 | C28: 665 | D28: 27 | E28: 44543 | F28: GSW | G28: @ | H28: IND | I28: W 102-100 | J28: * | K28: 1.2930556 | L28: 7 | M28: 10 | N28: 0.7 | O28: 0 | P28: 1 | Q28: 0 | R28: 7 | S28: 9 | T28: 0.778 | U28: 0.7 | V28: 1 | W28: 2 | X28: 0.5 | Y28: 2 | Z28: 7 | AA28: 9 | AB28: 5 | AC28: 0 | AD28: 0 | AE28: 3 | AF28: 4 | AG28: 15 | AH28: 12.8 | AI28: -4
A29: Draymond Green | B29: 27 | C29: 666 | D29: 28 | E29: 44544 | F29: GSW | G29: @ | H29: NYK | I29: W 105-96 | J29: * | K29: 1.325 | L29: 3 | M29: 6 | N29: 0.5 | O29: 1 | P29: 1 | Q29: 1 | R29: 2 | S29: 5 | T29: 0.4 | U29: 0.583 | V29: 1 | W29: 2 | X29: 0.5 | Y29: 2 | Z29: 9 | AA29: 11 | AB29: 7 | AC29: 1 | AD29: 3 | AE29: 3 | AF29: 3 | AG29: 8 | AH29: 12.5 | AI29: 8
A30: Draymond Green | B30: 28 | C30: 667 | D30: 29 | E30: 44547 | F30: GSW | G30: @ | H30: BOS | I30: W 111-107 | J30: * | K30: 1.3027778 | L30: 2 | M30: 6 | N30: 0.333 | O30: 0 | P30: 3 | Q30: 0 | R30: 2 | S30: 3 | T30: 0.667 | U30: 0.333 | V30: 2 | W30: 2 | X30: 1 | Y30: 0 | Z30: 5 | AA30: 5 | AB30: 8 | AC30: 0 | AD30: 1 | AE30: 2 | AF30: 5 | AG30: 6 | AH30: 6.4 | AI30: -7
A31: Draymond Green | B31: 28 | D31: 30 | E31: 44548 | F31: GSW | G31: @ | H31: TOR | I31: L 100-119 | J31: Inactive | K31: Inactive | L31: Inactive | M31: Inactive | N31: Inactive | O31: Inactive | P31: Inactive | Q31: Inactive | R31: Inactive | S31: Inactive | T31: Inactive | U31: Inactive | V31: Inactive | W31: Inactive | X31: Inactive | Y31: Inactive | Z31: Inactive | AA31: Inactive | AB31: Inactive | AC31: Inactive | AD31: Inactive | AE31: Inactive | AF31: Inactive | AG31: Inactive | AH31: Inactive | AI31: Inactive
A32: Draymond Green | B32: 29 | C32: 668 | D32: 31 | E32: 44550 | F32: GSW | H32: SAC | I32: W 113-98 | J32: * | K32: 1.3826389 | L32: 7 | M32: 11 | N32: 0.636 | O32: 1 | P32: 2 | Q32: 0.5 | R32: 6 | S32: 9 | T32: 0.667 | U32: 0.682 | V32: 1 | W32: 2 | X32: 0.5 | Y32: 1 | Z32: 10 | AA32: 11 | AB32: 10 | AC32: 2 | AD32: 2 | AE32: 5 | AF32: 3 | AG32: 16 | AH32: 18.6 | AI32: 7
A33: Draymond Green | B33: 30 | C33: 669 | D33: 32 | E33: 44553 | F33: GSW | H33: MEM | I33: W 113-104 | J33: * | K33: 1.3993056 | L33: 4 | M33: 8 | N33: 0.5 | O33: 0 | P33: 3 | Q33: 0 | R33: 4 | S33: 5 | T33: 0.8 | U33: 0.5 | V33: 0 | W33: 0 | Y33: 0 | Z33: 5 | AA33: 5 | AB33: 9 | AC33: 2 | AD33: 3 | AE33: 5 | AF33: 4 | AG33: 8 | AH33: 9.3 | AI33: 7
A34: Draymond Green | B34: 31 | C34: 670 | D34: 33 | E34: 44555 | F34: GSW | G34: @ | H34: PHO | I34: W 116-107 | J34: * | K34: 1.4201389 | L34: 3 | M34: 7 | N34: 0.429 | O34: 2 | P34: 4 | Q34: 0.5 | R34: 1 | S34: 3 | T34: 0.333 | U34: 0.571 | V34: 0 | W34: 0 | Y34: 2 | Z34: 6 | AA34: 8 | AB34: 10 | AC34: 3 | AD34: 3 | AE34: 4 | AF34: 1 | AG34: 8 | AH34: 15.2 | AI34: 8
